<?xml version="1.0" encoding="UTF-8"?>
<osm version="0.6" generator="openstreetmap-cgimap 2.1.0 (3498757 spike-06.openstreetmap.org)" copyright="OpenStreetMap and contributors" attribution="http://www.openstreetmap.org/copyright" license="http://opendatacommons.org/licenses/odbl/1-0/">
 <bounds minlat="-15.3570530" minlon="28.4668530" maxlat="-15.3530280" maxlon="28.4714130"/>
 <node id="308959187" visible="true" version="18" changeset="69721845" timestamp="2019-04-30T07:06:01Z" user="DantheMovieMan" uid="8484067" lat="-15.3655059" lon="28.4236871"/>
 <node id="313020394" visible="true" version="15" changeset="113150235" timestamp="2021-10-30T07:26:25Z" user="ftcat" uid="4136766" lat="-15.3640716" lon="28.4285483"/>
 <node id="313020395" visible="true" version="15" changeset="67387936" timestamp="2019-02-20T11:37:05Z" user="Anacostan" uid="8901620" lat="-15.3603715" lon="28.4364482"/>
 <node id="313020396" visible="true" version="15" changeset="69721845" timestamp="2019-04-30T07:06:01Z" user="DantheMovieMan" uid="8484067" lat="-15.3587053" lon="28.4408261"/>
 <node id="313020397" visible="true" version="15" changeset="69721845" timestamp="2019-04-30T07:06:01Z" user="DantheMovieMan" uid="8484067" lat="-15.3580619" lon="28.4467926"/>
 <node id="313020398" visible="true" version="15" changeset="67547128" timestamp="2019-02-25T12:28:48Z" user="Anacostan" uid="8901620" lat="-15.3576954" lon="28.4526925"/>
 <node id="313020399" visible="true" version="15" changeset="67591217" timestamp="2019-02-26T18:03:05Z" user="cartorhythm" uid="8610585" lat="-15.3580432" lon="28.4576771"/>
 <node id="313020400" visible="true" version="15" changeset="69721845" timestamp="2019-04-30T07:06:01Z" user="DantheMovieMan" uid="8484067" lat="-15.3580768" lon="28.4588653"/>
 <node id="313020403" visible="true" version="14" changeset="67359051" timestamp="2019-02-19T17:22:02Z" user="stand_it" uid="8484109" lat="-15.3558778" lon="28.4805096"/>
 <node id="313020407" visible="true" version="13" changeset="69556054" timestamp="2019-04-25T09:30:13Z" user="dancingVJL" uid="8392762" lat="-15.3440292" lon="28.5134096"/>
 <node id="313020408" visible="true" version="14" changeset="67512499" timestamp="2019-02-24T10:08:20Z" user="ftcat" uid="4136766" lat="-15.3427747" lon="28.5169034"/>
 <node id="313020409" visible="true" version="15" changeset="69721845" timestamp="2019-04-30T07:06:01Z" user="DantheMovieMan" uid="8484067" lat="-15.3422667" lon="28.5185927"/>
 <node id="313020410" visible="true" version="14" changeset="69556054" timestamp="2019-04-25T09:30:13Z" user="dancingVJL" uid="8392762" lat="-15.3422745" lon="28.5201968"/>
 <node id="313020411" visible="true" version="14" changeset="69721845" timestamp="2019-04-30T07:06:01Z" user="DantheMovieMan" uid="8484067" lat="-15.3424698" lon="28.5210094"/>
 <node id="313020412" visible="true" version="13" changeset="69556054" timestamp="2019-04-25T09:30:13Z" user="dancingVJL" uid="8392762" lat="-15.3428925" lon="28.5220105"/>
 <node id="313020413" visible="true" version="13" changeset="67511765" timestamp="2019-02-24T09:34:52Z" user="ftcat" uid="4136766" lat="-15.3451466" lon="28.5258137"/>
 <node id="313020414" visible="true" version="13" changeset="69556054" timestamp="2019-04-25T09:30:13Z" user="dancingVJL" uid="8392762" lat="-15.3469262" lon="28.5287771"/>
 <node id="313020415" visible="true" version="13" changeset="69556054" timestamp="2019-04-25T09:30:13Z" user="dancingVJL" uid="8392762" lat="-15.3474279" lon="28.5296795"/>
 <node id="313020416" visible="true" version="12" changeset="65415725" timestamp="2018-12-12T17:00:04Z" user="Kattegat" uid="8901595" lat="-15.3514060" lon="28.5391443"/>
 <node id="313020417" visible="true" version="14" changeset="69556054" timestamp="2019-04-25T09:30:13Z" user="dancingVJL" uid="8392762" lat="-15.3530149" lon="28.5455349"/>
 <node id="313020418" visible="true" version="14" changeset="69556054" timestamp="2019-04-25T09:30:13Z" user="dancingVJL" uid="8392762" lat="-15.3531765" lon="28.5474515"/>
 <node id="313020419" visible="true" version="14" changeset="69556054" timestamp="2019-04-25T09:30:13Z" user="dancingVJL" uid="8392762" lat="-15.3530773" lon="28.5486772"/>
 <node id="313020420" visible="true" version="14" changeset="69556054" timestamp="2019-04-25T09:30:13Z" user="dancingVJL" uid="8392762" lat="-15.3513397" lon="28.5577102"/>
 <node id="917982402" visible="true" version="5" changeset="113150235" timestamp="2021-10-30T07:26:25Z" user="ftcat" uid="4136766" lat="-15.3643183" lon="28.4278630"/>
 <node id="1237218640" visible="true" version="4" changeset="65415725" timestamp="2018-12-12T17:00:05Z" user="Kattegat" uid="8901595" lat="-15.3566058" lon="28.4733908"/>
 <node id="1237218764" visible="true" version="5" changeset="67465086" timestamp="2019-02-22T12:53:39Z" user="stand_it" uid="8484109" lat="-15.3660235" lon="28.4217623"/>
 <node id="1649890926" visible="true" version="3" changeset="67547128" timestamp="2019-02-25T12:28:49Z" user="Anacostan" uid="8901620" lat="-15.3577010" lon="28.4509719"/>
 <node id="1649890927" visible="true" version="4" changeset="67550907" timestamp="2019-02-25T14:28:39Z" user="Anacostan" uid="8901620" lat="-15.3578084" lon="28.4496935"/>
 <node id="1649890928" visible="true" version="4" changeset="67550907" timestamp="2019-02-25T14:28:39Z" user="Anacostan" uid="8901620" lat="-15.3588735" lon="28.4401907"/>
 <node id="1649890932" visible="true" version="4" changeset="69721845" timestamp="2019-04-30T07:06:01Z" user="DantheMovieMan" uid="8484067" lat="-15.3674589" lon="28.4164837"/>
 <node id="1649890934" visible="true" version="4" changeset="125065384" timestamp="2022-08-18T14:38:26Z" user="Lalit_IAAS" uid="11589667" lat="-15.3677330" lon="28.4148764"/>
 <node id="1649890935" visible="true" version="4" changeset="125065616" timestamp="2022-08-18T14:44:41Z" user="Lalit_IAAS" uid="11589667" lat="-15.3683693" lon="28.4108846"/>
 <node id="2897184342" visible="true" version="5" changeset="123230223" timestamp="2022-07-05T11:17:02Z" user="karoAK" uid="16383397" lat="-15.3701258" lon="28.4038801"/>
 <node id="2897202379" visible="true" version="4" changeset="131155234" timestamp="2023-01-11T17:15:14Z" user="Erik Schoute" uid="824324" lat="-15.3690462" lon="28.4082112"/>
 <node id="2921940810" visible="true" version="3" changeset="69556054" timestamp="2019-04-25T09:30:13Z" user="dancingVJL" uid="8392762" lat="-15.3521816" lon="28.5410581"/>
 <node id="2921940822" visible="true" version="4" changeset="170701009" timestamp="2025-08-20T04:17:12Z" user="PripetRiver" uid="19636659" lat="-15.3555963" lon="28.4815891"/>
 <node id="2921940840" visible="true" version="3" changeset="69556054" timestamp="2019-04-25T09:30:14Z" user="dancingVJL" uid="8392762" lat="-15.3523403" lon="28.5416607"/>
 <node id="2921940841" visible="true" version="3" changeset="69556054" timestamp="2019-04-25T09:30:14Z" user="dancingVJL" uid="8392762" lat="-15.3531566" lon="28.5480012"/>
 <node id="2921940863" visible="true" version="3" changeset="65415725" timestamp="2018-12-12T17:00:05Z" user="Kattegat" uid="8901595" lat="-15.3560000" lon="28.4794761"/>
 <node id="2921940887" visible="true" version="6" changeset="69721845" timestamp="2019-04-30T07:06:02Z" user="DantheMovieMan" uid="8484067" lat="-15.3422266" lon="28.5193531"/>
 <node id="2921940910" visible="true" version="3" changeset="69556054" timestamp="2019-04-25T09:30:14Z" user="dancingVJL" uid="8392762" lat="-15.3531340" lon="28.5462698"/>
 <node id="2921940930" visible="true" version="3" changeset="69556054" timestamp="2019-04-25T09:30:14Z" user="dancingVJL" uid="8392762" lat="-15.3519945" lon="28.5405290"/>
 <node id="2921940964" visible="true" version="3" changeset="69556054" timestamp="2019-04-25T09:30:14Z" user="dancingVJL" uid="8392762" lat="-15.3531765" lon="28.5469371"/>
 <node id="3669879726" visible="true" version="3" changeset="65415725" timestamp="2018-12-12T17:00:05Z" user="Kattegat" uid="8901595" lat="-15.3605262" lon="28.4360914"/>
 <node id="3669879730" visible="true" version="4" changeset="67387936" timestamp="2019-02-20T11:37:05Z" user="Anacostan" uid="8901620" lat="-15.3602257" lon="28.4368141"/>
 <node id="4266898335" visible="true" version="4" changeset="125065384" timestamp="2022-08-18T14:38:26Z" user="Lalit_IAAS" uid="11589667" lat="-15.3678210" lon="28.4143004"/>
 <node id="4494368797" visible="true" version="4" changeset="67465086" timestamp="2019-02-22T12:53:39Z" user="stand_it" uid="8484109" lat="-15.3659401" lon="28.4220587"/>
 <node id="4523255074" visible="true" version="5" changeset="100910161" timestamp="2021-03-12T12:57:06Z" user="ftcat" uid="4136766" lat="-15.3658237" lon="28.4224858">
  <tag k="name" v="Police Checkpoint"/>
  <tag k="police" v="checkpoint"/>
 </node>
 <node id="5777198527" visible="true" version="3" changeset="65445537" timestamp="2018-12-13T15:25:36Z" user="poohvoo" uid="8076805" lat="-15.3702522" lon="28.4034811"/>
 <node id="5831493341" visible="true" version="4" changeset="139921202" timestamp="2023-08-15T15:26:46Z" user="ftcat" uid="4136766" lat="-15.3431992" lon="28.5156451"/>
 <node id="5831493344" visible="true" version="4" changeset="69556054" timestamp="2019-04-25T09:30:14Z" user="dancingVJL" uid="8392762" lat="-15.3424616" lon="28.5177335"/>
 <node id="5831502865" visible="true" version="3" changeset="67465086" timestamp="2019-02-22T12:53:39Z" user="stand_it" uid="8484109" lat="-15.3660603" lon="28.4216302"/>
 <node id="5917143036" visible="true" version="5" changeset="112422659" timestamp="2021-10-12T15:17:15Z" user="ftcat" uid="4136766" lat="-15.3472567" lon="28.5044967"/>
 <node id="6070107425" visible="true" version="4" changeset="69556054" timestamp="2019-04-25T09:30:14Z" user="dancingVJL" uid="8392762" lat="-15.3498317" lon="28.5353321"/>
 <node id="6130756358" visible="true" version="2" changeset="65415725" timestamp="2018-12-12T17:00:05Z" user="Kattegat" uid="8901595" lat="-15.3562795" lon="28.4767605"/>
 <node id="6130756374" visible="true" version="3" changeset="112421775" timestamp="2021-10-12T14:52:39Z" user="ftcat" uid="4136766" lat="-15.3533982" lon="28.4668008"/>
 <node id="6130756997" visible="true" version="2" changeset="65415725" timestamp="2018-12-12T17:00:05Z" user="Kattegat" uid="8901595" lat="-15.3565324" lon="28.4741286"/>
 <node id="6130757000" visible="true" version="3" changeset="67359051" timestamp="2019-02-19T17:22:02Z" user="stand_it" uid="8484109" lat="-15.3559631" lon="28.4799662"/>
 <node id="6130810423" visible="true" version="1" changeset="65378029" timestamp="2018-12-11T14:31:26Z" user="k_honey" uid="7863709" lat="-15.3596350" lon="28.4695851"/>
 <node id="6130810425" visible="true" version="1" changeset="65378029" timestamp="2018-12-11T14:31:26Z" user="k_honey" uid="7863709" lat="-15.3588015" lon="28.4694815"/>
 <node id="6130810433" visible="true" version="1" changeset="65378029" timestamp="2018-12-11T14:31:26Z" user="k_honey" uid="7863709" lat="-15.3580157" lon="28.4693838"/>
 <node id="6130810434" visible="true" version="1" changeset="65378029" timestamp="2018-12-11T14:31:26Z" user="k_honey" uid="7863709" lat="-15.3613978" lon="28.4696042"/>
 <node id="6130810435" visible="true" version="1" changeset="65378029" timestamp="2018-12-11T14:31:26Z" user="k_honey" uid="7863709" lat="-15.3613655" lon="28.4697061"/>
 <node id="6130810436" visible="true" version="1" changeset="65378029" timestamp="2018-12-11T14:31:26Z" user="k_honey" uid="7863709" lat="-15.3613338" lon="28.4697524"/>
 <node id="6130810437" visible="true" version="2" changeset="181929386" timestamp="2026-04-28T09:15:34Z" user="ftcat" uid="4136766" lat="-15.3613082" lon="28.4697907"/>
 <node id="6130810438" visible="true" version="2" changeset="181929386" timestamp="2026-04-28T09:15:34Z" user="ftcat" uid="4136766" lat="-15.3612650" lon="28.4698069"/>
 <node id="6130810439" visible="true" version="3" changeset="112421775" timestamp="2021-10-12T14:52:39Z" user="ftcat" uid="4136766" lat="-15.3570381" lon="28.4692510"/>
 <node id="6130810440" visible="true" version="1" changeset="65378029" timestamp="2018-12-11T14:31:26Z" user="k_honey" uid="7863709" lat="-15.3559156" lon="28.4740031"/>
 <node id="6130810441" visible="true" version="1" changeset="65378029" timestamp="2018-12-11T14:31:26Z" user="k_honey" uid="7863709" lat="-15.3560129" lon="28.4739567"/>
 <node id="6130810442" visible="true" version="1" changeset="65378029" timestamp="2018-12-11T14:31:26Z" user="k_honey" uid="7863709" lat="-15.3560607" lon="28.4739232"/>
 <node id="6130810443" visible="true" version="1" changeset="65378029" timestamp="2018-12-11T14:31:26Z" user="k_honey" uid="7863709" lat="-15.3561021" lon="28.4738810"/>
 <node id="6130810444" visible="true" version="1" changeset="65378029" timestamp="2018-12-11T14:31:27Z" user="k_honey" uid="7863709" lat="-15.3563633" lon="28.4735289"/>
 <node id="6130810445" visible="true" version="1" changeset="65378029" timestamp="2018-12-11T14:31:27Z" user="k_honey" uid="7863709" lat="-15.3564144" lon="28.4734632"/>
 <node id="6130810446" visible="true" version="1" changeset="65378029" timestamp="2018-12-11T14:31:27Z" user="k_honey" uid="7863709" lat="-15.3564506" lon="28.4733968"/>
 <node id="6130810447" visible="true" version="1" changeset="65378029" timestamp="2018-12-11T14:31:27Z" user="k_honey" uid="7863709" lat="-15.3564681" lon="28.4733338"/>
 <node id="6130810448" visible="true" version="1" changeset="65378029" timestamp="2018-12-11T14:31:27Z" user="k_honey" uid="7863709" lat="-15.3565159" lon="28.4727578"/>
 <node id="6130810449" visible="true" version="1" changeset="65378029" timestamp="2018-12-11T14:31:27Z" user="k_honey" uid="7863709" lat="-15.3565664" lon="28.4718975"/>
 <node id="6130810450" visible="true" version="1" changeset="65378029" timestamp="2018-12-11T14:31:27Z" user="k_honey" uid="7863709" lat="-15.3565693" lon="28.4718482"/>
 <node id="6130810451" visible="true" version="1" changeset="65378029" timestamp="2018-12-11T14:31:27Z" user="k_honey" uid="7863709" lat="-15.3565764" lon="28.4718187"/>
 <node id="6130810452" visible="true" version="1" changeset="65378029" timestamp="2018-12-11T14:31:27Z" user="k_honey" uid="7863709" lat="-15.3565942" lon="28.4717878"/>
 <node id="6130810453" visible="true" version="1" changeset="65378029" timestamp="2018-12-11T14:31:27Z" user="k_honey" uid="7863709" lat="-15.3566052" lon="28.4717469"/>
 <node id="6130810454" visible="true" version="1" changeset="65378029" timestamp="2018-12-11T14:31:27Z" user="k_honey" uid="7863709" lat="-15.3566032" lon="28.4717057"/>
 <node id="6130810455" visible="true" version="1" changeset="65378029" timestamp="2018-12-11T14:31:27Z" user="k_honey" uid="7863709" lat="-15.3565932" lon="28.4716588"/>
 <node id="6130810456" visible="true" version="1" changeset="65378029" timestamp="2018-12-11T14:31:27Z" user="k_honey" uid="7863709" lat="-15.3565922" lon="28.4716215"/>
 <node id="6130810457" visible="true" version="1" changeset="65378029" timestamp="2018-12-11T14:31:27Z" user="k_honey" uid="7863709" lat="-15.3565981" lon="28.4715676"/>
 <node id="6130810458" visible="true" version="1" changeset="65378029" timestamp="2018-12-11T14:31:27Z" user="k_honey" uid="7863709" lat="-15.3566892" lon="28.4708950"/>
 <node id="6130810459" visible="true" version="1" changeset="65378029" timestamp="2018-12-11T14:31:27Z" user="k_honey" uid="7863709" lat="-15.3567280" lon="28.4706657"/>
 <node id="6130810460" visible="true" version="1" changeset="65378029" timestamp="2018-12-11T14:31:27Z" user="k_honey" uid="7863709" lat="-15.3567397" lon="28.4705946"/>
 <node id="6130810461" visible="true" version="1" changeset="65378029" timestamp="2018-12-11T14:31:27Z" user="k_honey" uid="7863709" lat="-15.3567429" lon="28.4705295"/>
 <node id="6130810462" visible="true" version="1" changeset="65378029" timestamp="2018-12-11T14:31:27Z" user="k_honey" uid="7863709" lat="-15.3567384" lon="28.4704860"/>
 <node id="6130810463" visible="true" version="1" changeset="65378029" timestamp="2018-12-11T14:31:27Z" user="k_honey" uid="7863709" lat="-15.3567377" lon="28.4704310"/>
 <node id="6130810464" visible="true" version="1" changeset="65378029" timestamp="2018-12-11T14:31:27Z" user="k_honey" uid="7863709" lat="-15.3567539" lon="28.4702660"/>
 <node id="6130810465" visible="true" version="1" changeset="65378029" timestamp="2018-12-11T14:31:27Z" user="k_honey" uid="7863709" lat="-15.3568535" lon="28.4693876"/>
 <node id="6130810466" visible="true" version="3" changeset="65409135" timestamp="2018-12-12T13:45:08Z" user="TortesCakesMaps" uid="8710020" lat="-15.3568567" lon="28.4693406"/>
 <node id="6130810467" visible="true" version="2" changeset="65409135" timestamp="2018-12-12T13:45:08Z" user="TortesCakesMaps" uid="8710020" lat="-15.3569013" lon="28.4693447"/>
 <node id="6130810468" visible="true" version="3" changeset="112421775" timestamp="2021-10-12T14:52:39Z" user="ftcat" uid="4136766" lat="-15.3570263" lon="28.4693584"/>
 <node id="6130813456" visible="true" version="2" changeset="65415725" timestamp="2018-12-12T17:00:06Z" user="Kattegat" uid="8901595" lat="-15.3561055" lon="28.4784512"/>
 <node id="6130863740" visible="true" version="1" changeset="65379224" timestamp="2018-12-11T15:14:02Z" user="k_honey" uid="7863709" lat="-15.3604640" lon="28.4696881"/>
 <node id="6132594675" visible="true" version="4" changeset="112422659" timestamp="2021-10-12T15:17:15Z" user="ftcat" uid="4136766" lat="-15.3447984" lon="28.5112243"/>
 <node id="6132619202" visible="true" version="5" changeset="112422563" timestamp="2021-10-12T15:14:37Z" user="ftcat" uid="4136766" lat="-15.3524454" lon="28.4902160"/>
 <node id="6132637179" visible="true" version="3" changeset="112421775" timestamp="2021-10-12T14:52:39Z" user="ftcat" uid="4136766" lat="-15.3544656" lon="28.4668590"/>
 <node id="6132637180" visible="true" version="3" changeset="167560915" timestamp="2025-06-13T06:42:37Z" user="ftcat" uid="4136766" lat="-15.3545515" lon="28.4659691"/>
 <node id="6132637181" visible="true" version="2" changeset="167560915" timestamp="2025-06-13T06:42:37Z" user="ftcat" uid="4136766" lat="-15.3546006" lon="28.4656460"/>
 <node id="6132637182" visible="true" version="2" changeset="65409135" timestamp="2018-12-12T13:45:08Z" user="TortesCakesMaps" uid="8710020" lat="-15.3546420" lon="28.4652221"/>
 <node id="6132637183" visible="true" version="1" changeset="65408638" timestamp="2018-12-12T13:30:39Z" user="TortesCakesMaps" uid="8710020" lat="-15.3547714" lon="28.4638247"/>
 <node id="6132637184" visible="true" version="2" changeset="112421775" timestamp="2021-10-12T14:52:39Z" user="ftcat" uid="4136766" lat="-15.3555040" lon="28.4669462"/>
 <node id="6132642385" visible="true" version="1" changeset="65408638" timestamp="2018-12-12T13:30:39Z" user="TortesCakesMaps" uid="8710020" lat="-15.3556766" lon="28.4656566"/>
 <node id="6132642386" visible="true" version="1" changeset="65408638" timestamp="2018-12-12T13:30:39Z" user="TortesCakesMaps" uid="8710020" lat="-15.3557232" lon="28.4651872"/>
 <node id="6132642387" visible="true" version="1" changeset="65408638" timestamp="2018-12-12T13:30:39Z" user="TortesCakesMaps" uid="8710020" lat="-15.3557465" lon="28.4648439"/>
 <node id="6132642388" visible="true" version="1" changeset="65408638" timestamp="2018-12-12T13:30:39Z" user="TortesCakesMaps" uid="8710020" lat="-15.3557465" lon="28.4647018"/>
 <node id="6132642389" visible="true" version="1" changeset="65408638" timestamp="2018-12-12T13:30:39Z" user="TortesCakesMaps" uid="8710020" lat="-15.3557439" lon="28.4645596"/>
 <node id="6132642390" visible="true" version="2" changeset="65408933" timestamp="2018-12-12T13:39:17Z" user="TortesCakesMaps" uid="8710020" lat="-15.3557891" lon="28.4641063"/>
 <node id="6132642391" visible="true" version="2" changeset="167638439" timestamp="2025-06-15T07:16:29Z" user="ftcat" uid="4136766" lat="-15.3559652" lon="28.4627503"/>
 <node id="6132642392" visible="true" version="3" changeset="112421775" timestamp="2021-10-12T14:52:39Z" user="ftcat" uid="4136766" lat="-15.3570611" lon="28.4670865"/>
 <node id="6132642393" visible="true" version="1" changeset="65408638" timestamp="2018-12-12T13:30:39Z" user="TortesCakesMaps" uid="8710020" lat="-15.3571147" lon="28.4666289"/>
 <node id="6132642394" visible="true" version="1" changeset="65408638" timestamp="2018-12-12T13:30:39Z" user="TortesCakesMaps" uid="8710020" lat="-15.3572130" lon="28.4655896"/>
 <node id="6132642395" visible="true" version="1" changeset="65408638" timestamp="2018-12-12T13:30:39Z" user="TortesCakesMaps" uid="8710020" lat="-15.3573190" lon="28.4648131"/>
 <node id="6132642396" visible="true" version="1" changeset="65408638" timestamp="2018-12-12T13:30:39Z" user="TortesCakesMaps" uid="8710020" lat="-15.3573940" lon="28.4640098"/>
 <node id="6132642397" visible="true" version="3" changeset="167638439" timestamp="2025-06-15T07:16:29Z" user="ftcat" uid="4136766" lat="-15.3574757" lon="28.4632888"/>
 <node id="6132642399" visible="true" version="4" changeset="112421775" timestamp="2021-10-12T14:52:39Z" user="ftcat" uid="4136766" lat="-15.3572497" lon="28.4671081"/>
 <node id="6132642402" visible="true" version="3" changeset="112421775" timestamp="2021-10-12T14:52:39Z" user="ftcat" uid="4136766" lat="-15.3551025" lon="28.4669057"/>
 <node id="6132642409" visible="true" version="3" changeset="167638439" timestamp="2025-06-15T07:16:29Z" user="ftcat" uid="4136766" lat="-15.3548853" lon="28.4623653"/>
 <node id="6132642410" visible="true" version="4" changeset="167638439" timestamp="2025-06-15T07:16:29Z" user="ftcat" uid="4136766" lat="-15.3576074" lon="28.4633338"/>
 <node id="6132656716" visible="true" version="1" changeset="65408933" timestamp="2018-12-12T13:39:15Z" user="TortesCakesMaps" uid="8710020" lat="-15.3594351" lon="28.4695603"/>
 <node id="6132656735" visible="true" version="1" changeset="65408933" timestamp="2018-12-12T13:39:15Z" user="TortesCakesMaps" uid="8710020" lat="-15.3581456" lon="28.4693999"/>
 <node id="6132656740" visible="true" version="1" changeset="65408933" timestamp="2018-12-12T13:39:15Z" user="TortesCakesMaps" uid="8710020" lat="-15.3575101" lon="28.4693210"/>
 <node id="6132656744" visible="true" version="2" changeset="65415725" timestamp="2018-12-12T17:00:06Z" user="Kattegat" uid="8901595" lat="-15.3572767" lon="28.4666970"/>
 <node id="6132656751" visible="true" version="2" changeset="65409135" timestamp="2018-12-12T13:45:08Z" user="TortesCakesMaps" uid="8710020" lat="-15.3547042" lon="28.4642851"/>
 <node id="6132656758" visible="true" version="2" changeset="65409135" timestamp="2018-12-12T13:45:08Z" user="TortesCakesMaps" uid="8710020" lat="-15.3547303" lon="28.4641415"/>
 <node id="6132755559" visible="true" version="2" changeset="65415725" timestamp="2018-12-12T17:00:06Z" user="Kattegat" uid="8901595" lat="-15.3574484" lon="28.4649915"/>
 <node id="6132900328" visible="true" version="1" changeset="65413220" timestamp="2018-12-12T15:32:41Z" user="TortesCakesMaps" uid="8710020" lat="-15.3577354" lon="28.4693527"/>
 <node id="6133003685" visible="true" version="2" changeset="65415725" timestamp="2018-12-12T17:00:07Z" user="Kattegat" uid="8901595" lat="-15.3605764" lon="28.4359840"/>
 <node id="6133003740" visible="true" version="3" changeset="67387936" timestamp="2019-02-20T11:37:05Z" user="Anacostan" uid="8901620" lat="-15.3601227" lon="28.4370884"/>
 <node id="6133063308" visible="true" version="1" changeset="65415725" timestamp="2018-12-12T17:00:04Z" user="Kattegat" uid="8901595" lat="-15.3614291" lon="28.4341570"/>
 <node id="6135036919" visible="true" version="3" changeset="112422348" timestamp="2021-10-12T15:08:42Z" user="ftcat" uid="4136766" lat="-15.3544141" lon="28.4847941"/>
 <node id="6135276173" visible="true" version="2" changeset="67226162" timestamp="2019-02-15T12:54:19Z" user="serveandvolley" uid="8559131" lat="-15.3681068" lon="28.4125516"/>
 <node id="6135276174" visible="true" version="4" changeset="125065616" timestamp="2022-08-18T14:44:41Z" user="Lalit_IAAS" uid="11589667" lat="-15.3683228" lon="28.4111407"/>
 <node id="6135276175" visible="true" version="2" changeset="131155234" timestamp="2023-01-11T17:15:14Z" user="Erik Schoute" uid="824324" lat="-15.3685663" lon="28.4100930"/>
 <node id="6135276176" visible="true" version="2" changeset="131155234" timestamp="2023-01-11T17:15:14Z" user="Erik Schoute" uid="824324" lat="-15.3686816" lon="28.4096562"/>
 <node id="6135276177" visible="true" version="2" changeset="131155234" timestamp="2023-01-11T17:15:14Z" user="Erik Schoute" uid="824324" lat="-15.3688803" lon="28.4088529"/>
 <node id="6135276179" visible="true" version="1" changeset="65445537" timestamp="2018-12-13T15:25:36Z" user="poohvoo" uid="8076805" lat="-15.3694400" lon="28.4067245"/>
 <node id="6135276181" visible="true" version="3" changeset="131155234" timestamp="2023-01-11T17:15:14Z" user="Erik Schoute" uid="824324" lat="-15.3695858" lon="28.4060704"/>
 <node id="6137608246" visible="true" version="1" changeset="65478647" timestamp="2018-12-14T16:21:35Z" user="theplateau" uid="8710044" lat="-15.3580717" lon="28.4582262"/>
 <node id="6137608247" visible="true" version="1" changeset="65478647" timestamp="2018-12-14T16:21:35Z" user="theplateau" uid="8710044" lat="-15.3579845" lon="28.4567566"/>
 <node id="6137616321" visible="true" version="2" changeset="67547128" timestamp="2019-02-25T12:28:49Z" user="Anacostan" uid="8901620" lat="-15.3578700" lon="28.4550650"/>
 <node id="6280807108" visible="true" version="2" changeset="125065384" timestamp="2022-08-18T14:38:26Z" user="Lalit_IAAS" uid="11589667" lat="-15.3679751" lon="28.4134347"/>
 <node id="6280807122" visible="true" version="3" changeset="131155234" timestamp="2023-01-11T17:15:14Z" user="Erik Schoute" uid="824324" lat="-15.3684516" lon="28.4105446"/>
 <node id="6280812310" visible="true" version="1" changeset="67226162" timestamp="2019-02-15T12:54:19Z" user="serveandvolley" uid="8559131" lat="-15.3669491" lon="28.4183721"/>
 <node id="6280812317" visible="true" version="2" changeset="67465086" timestamp="2019-02-22T12:53:39Z" user="stand_it" uid="8484109" lat="-15.3666197" lon="28.4195964"/>
 <node id="6280812318" visible="true" version="1" changeset="67226162" timestamp="2019-02-15T12:54:19Z" user="serveandvolley" uid="8559131" lat="-15.3669921" lon="28.4182164"/>
 <node id="6280812319" visible="true" version="2" changeset="139876913" timestamp="2023-08-14T15:22:52Z" user="ftcat" uid="4136766" lat="-15.3675687" lon="28.4158676"/>
 <node id="6280812320" visible="true" version="1" changeset="67226162" timestamp="2019-02-15T12:54:19Z" user="serveandvolley" uid="8559131" lat="-15.3679904" lon="28.4133723"/>
 <node id="6280812321" visible="true" version="2" changeset="125065616" timestamp="2022-08-18T14:44:41Z" user="Lalit_IAAS" uid="11589667" lat="-15.3682128" lon="28.4117804"/>
 <node id="6281023686" visible="true" version="2" changeset="112422563" timestamp="2021-10-12T15:14:37Z" user="ftcat" uid="4136766" lat="-15.3485571" lon="28.5009250"/>
 <node id="6288321661" visible="true" version="3" changeset="112422348" timestamp="2021-10-12T15:08:42Z" user="ftcat" uid="4136766" lat="-15.3544602" lon="28.4846641"/>
 <node id="6289263663" visible="true" version="1" changeset="67359051" timestamp="2019-02-19T17:22:02Z" user="stand_it" uid="8484109" lat="-15.3554283" lon="28.4820664"/>
 <node id="6289263664" visible="true" version="1" changeset="67359051" timestamp="2019-02-19T17:22:02Z" user="stand_it" uid="8484109" lat="-15.3558266" lon="28.4807622"/>
 <node id="6289263665" visible="true" version="1" changeset="67359051" timestamp="2019-02-19T17:22:02Z" user="stand_it" uid="8484109" lat="-15.3559243" lon="28.4802358"/>
 <node id="6289263666" visible="true" version="1" changeset="67359051" timestamp="2019-02-19T17:22:02Z" user="stand_it" uid="8484109" lat="-15.3557684" lon="28.4810190"/>
 <node id="6289263667" visible="true" version="1" changeset="67359051" timestamp="2019-02-19T17:22:02Z" user="stand_it" uid="8484109" lat="-15.3552318" lon="28.4826109"/>
 <node id="6289279050" visible="true" version="2" changeset="170701009" timestamp="2025-08-20T04:17:12Z" user="PripetRiver" uid="19636659" lat="-15.3552888" lon="28.4824479"/>
 <node id="6289288136" visible="true" version="2" changeset="112422348" timestamp="2021-10-12T15:08:42Z" user="ftcat" uid="4136766" lat="-15.3543776" lon="28.4849124"/>
 <node id="6289288316" visible="true" version="2" changeset="67361870" timestamp="2019-02-19T17:50:04Z" user="stand_it" uid="8484109" lat="-15.3553636" lon="28.4822457"/>
 <node id="6289300375" visible="true" version="2" changeset="112422563" timestamp="2021-10-12T15:14:37Z" user="ftcat" uid="4136766" lat="-15.3533767" lon="28.4876750"/>
 <node id="6289316119" visible="true" version="2" changeset="112422563" timestamp="2021-10-12T15:14:37Z" user="ftcat" uid="4136766" lat="-15.3526659" lon="28.4896135"/>
 <node id="6290953106" visible="true" version="1" changeset="67387936" timestamp="2019-02-20T11:37:05Z" user="Anacostan" uid="8901620" lat="-15.3602805" lon="28.4366673"/>
 <node id="6290953107" visible="true" version="1" changeset="67387936" timestamp="2019-02-20T11:37:05Z" user="Anacostan" uid="8901620" lat="-15.3589640" lon="28.4399718"/>
 <node id="6290953108" visible="true" version="1" changeset="67387936" timestamp="2019-02-20T11:37:05Z" user="Anacostan" uid="8901620" lat="-15.3591011" lon="28.4396204"/>
 <node id="6290953109" visible="true" version="1" changeset="67387936" timestamp="2019-02-20T11:37:05Z" user="Anacostan" uid="8901620" lat="-15.3593170" lon="28.4390719"/>
 <node id="6290953110" visible="true" version="1" changeset="67387936" timestamp="2019-02-20T11:37:05Z" user="Anacostan" uid="8901620" lat="-15.3597528" lon="28.4379870"/>
 <node id="6292957702" visible="true" version="3" changeset="125065616" timestamp="2022-08-18T14:44:41Z" user="Lalit_IAAS" uid="11589667" lat="-15.3682393" lon="28.4116282"/>
 <node id="6295615491" visible="true" version="1" changeset="67465086" timestamp="2019-02-22T12:53:37Z" user="stand_it" uid="8484109" lat="-15.3659227" lon="28.4221223"/>
 <node id="6295615496" visible="true" version="1" changeset="67465086" timestamp="2019-02-22T12:53:37Z" user="stand_it" uid="8484109" lat="-15.3636554" lon="28.4295003"/>
 <node id="6295615704" visible="true" version="1" changeset="67465086" timestamp="2019-02-22T12:53:38Z" user="stand_it" uid="8484109" lat="-15.3633815" lon="28.4300610"/>
 <node id="6295615705" visible="true" version="1" changeset="67465086" timestamp="2019-02-22T12:53:38Z" user="stand_it" uid="8484109" lat="-15.3636828" lon="28.4294441"/>
 <node id="6295615706" visible="true" version="2" changeset="113150235" timestamp="2021-10-30T07:26:25Z" user="ftcat" uid="4136766" lat="-15.3638754" lon="28.4289711"/>
 <node id="6295615707" visible="true" version="2" changeset="113150235" timestamp="2021-10-30T07:26:25Z" user="ftcat" uid="4136766" lat="-15.3641514" lon="28.4283485"/>
 <node id="6295615708" visible="true" version="2" changeset="113150235" timestamp="2021-10-30T07:26:25Z" user="ftcat" uid="4136766" lat="-15.3644219" lon="28.4274896"/>
 <node id="6295615709" visible="true" version="2" changeset="113150235" timestamp="2021-10-30T07:26:25Z" user="ftcat" uid="4136766" lat="-15.3647918" lon="28.4261538"/>
 <node id="6295615710" visible="true" version="2" changeset="113150235" timestamp="2021-10-30T07:26:25Z" user="ftcat" uid="4136766" lat="-15.3650261" lon="28.4253074"/>
 <node id="6295615711" visible="true" version="2" changeset="113150235" timestamp="2021-10-30T07:26:25Z" user="ftcat" uid="4136766" lat="-15.3652843" lon="28.4243962"/>
 <node id="6295615712" visible="true" version="1" changeset="67465086" timestamp="2019-02-22T12:53:38Z" user="stand_it" uid="8484109" lat="-15.3656659" lon="28.4230672"/>
 <node id="6295615713" visible="true" version="1" changeset="67465086" timestamp="2019-02-22T12:53:38Z" user="stand_it" uid="8484109" lat="-15.3657461" lon="28.4227688"/>
 <node id="6295615714" visible="true" version="1" changeset="67465086" timestamp="2019-02-22T12:53:38Z" user="stand_it" uid="8484109" lat="-15.3662120" lon="28.4210632"/>
 <node id="6295615715" visible="true" version="1" changeset="67465086" timestamp="2019-02-22T12:53:38Z" user="stand_it" uid="8484109" lat="-15.3663287" lon="28.4206425"/>
 <node id="6295652635" visible="true" version="2" changeset="112422563" timestamp="2021-10-12T15:14:37Z" user="ftcat" uid="4136766" lat="-15.3501022" lon="28.4966596"/>
 <node id="6298752387" visible="true" version="2" changeset="69556054" timestamp="2019-04-25T09:30:14Z" user="dancingVJL" uid="8392762" lat="-15.3463111" lon="28.5277689"/>
 <node id="6300863515" visible="true" version="2" changeset="113150235" timestamp="2021-10-30T07:26:25Z" user="ftcat" uid="4136766" lat="-15.3646948" lon="28.4265040"/>
 <node id="6300863596" visible="true" version="2" changeset="113150235" timestamp="2021-10-30T07:26:25Z" user="ftcat" uid="4136766" lat="-15.3637446" lon="28.4292614"/>
 <node id="6301075527" visible="true" version="1" changeset="67547128" timestamp="2019-02-25T12:28:47Z" user="Anacostan" uid="8901620" lat="-15.3577432" lon="28.4502795"/>
 <node id="6301075715" visible="true" version="1" changeset="67547128" timestamp="2019-02-25T12:28:48Z" user="Anacostan" uid="8901620" lat="-15.3577497" lon="28.4534043"/>
 <node id="6301075716" visible="true" version="1" changeset="67547128" timestamp="2019-02-25T12:28:48Z" user="Anacostan" uid="8901620" lat="-15.3578544" lon="28.4610835"/>
 <node id="6301075717" visible="true" version="1" changeset="67547128" timestamp="2019-02-25T12:28:48Z" user="Anacostan" uid="8901620" lat="-15.3580820" lon="28.4586105"/>
 <node id="6301075718" visible="true" version="1" changeset="67547128" timestamp="2019-02-25T12:28:48Z" user="Anacostan" uid="8901620" lat="-15.3579217" lon="28.4559283"/>
 <node id="6301075719" visible="true" version="1" changeset="67547128" timestamp="2019-02-25T12:28:48Z" user="Anacostan" uid="8901620" lat="-15.3577872" lon="28.4538361"/>
 <node id="6301075720" visible="true" version="2" changeset="69721845" timestamp="2019-04-30T07:06:02Z" user="DantheMovieMan" uid="8484067" lat="-15.3576708" lon="28.4515884"/>
 <node id="6301340070" visible="true" version="1" changeset="67550907" timestamp="2019-02-25T14:28:38Z" user="Anacostan" uid="8901620" lat="-15.3577907" lon="28.4498527"/>
 <node id="6301340188" visible="true" version="1" changeset="67550907" timestamp="2019-02-25T14:28:39Z" user="Anacostan" uid="8901620" lat="-15.3579242" lon="28.4482384"/>
 <node id="6301340189" visible="true" version="1" changeset="67550907" timestamp="2019-02-25T14:28:39Z" user="Anacostan" uid="8901620" lat="-15.3581790" lon="28.4456004"/>
 <node id="6301340190" visible="true" version="1" changeset="67550907" timestamp="2019-02-25T14:28:39Z" user="Anacostan" uid="8901620" lat="-15.3583174" lon="28.4443358"/>
 <node id="6301340191" visible="true" version="1" changeset="67550907" timestamp="2019-02-25T14:28:39Z" user="Anacostan" uid="8901620" lat="-15.3584260" lon="28.4432253"/>
 <node id="6301340192" visible="true" version="1" changeset="67550907" timestamp="2019-02-25T14:28:39Z" user="Anacostan" uid="8901620" lat="-15.3585346" lon="28.4421095"/>
 <node id="6301340193" visible="true" version="2" changeset="69721845" timestamp="2019-04-30T07:06:02Z" user="DantheMovieMan" uid="8484067" lat="-15.3587700" lon="28.4405552"/>
 <node id="6304092962" visible="true" version="1" changeset="67591217" timestamp="2019-02-26T18:03:05Z" user="cartorhythm" uid="8610585" lat="-15.3580096" lon="28.4571433"/>
 <node id="6304138087" visible="true" version="1" changeset="67592084" timestamp="2019-02-26T18:27:32Z" user="cartorhythm" uid="8610585" lat="-15.3597767" lon="28.4696027"/>
 <node id="6304138114" visible="true" version="1" changeset="67592084" timestamp="2019-02-26T18:27:32Z" user="cartorhythm" uid="8610585" lat="-15.3620146" lon="28.4673370"/>
 <node id="6427658371" visible="true" version="1" changeset="69556054" timestamp="2019-04-25T09:30:13Z" user="dancingVJL" uid="8392762" lat="-15.3525614" lon="28.5428836"/>
 <node id="6427658372" visible="true" version="1" changeset="69556054" timestamp="2019-04-25T09:30:13Z" user="dancingVJL" uid="8392762" lat="-15.3479183" lon="28.5307700"/>
 <node id="6427658373" visible="true" version="1" changeset="69556054" timestamp="2019-04-25T09:30:13Z" user="dancingVJL" uid="8392762" lat="-15.3434622" lon="28.5229746"/>
 <node id="6427658374" visible="true" version="2" changeset="69721845" timestamp="2019-04-30T07:06:03Z" user="DantheMovieMan" uid="8484067" lat="-15.3423456" lon="28.5205360"/>
 <node id="6427658375" visible="true" version="2" changeset="69721845" timestamp="2019-04-30T07:06:03Z" user="DantheMovieMan" uid="8484067" lat="-15.3422292" lon="28.5189548"/>
 <node id="6427658376" visible="true" version="1" changeset="69556054" timestamp="2019-04-25T09:30:13Z" user="dancingVJL" uid="8392762" lat="-15.3423454" lon="28.5181686"/>
 <node id="6427658378" visible="true" version="1" changeset="69556054" timestamp="2019-04-25T09:30:13Z" user="dancingVJL" uid="8392762" lat="-15.3539220" lon="28.4862225"/>
 <node id="6437868742" visible="true" version="1" changeset="69721845" timestamp="2019-04-30T07:06:01Z" user="DantheMovieMan" uid="8484067" lat="-15.3426508" lon="28.5214922"/>
 <node id="6437868743" visible="true" version="1" changeset="69721845" timestamp="2019-04-30T07:06:01Z" user="DantheMovieMan" uid="8484067" lat="-15.3422331" lon="28.5197501"/>
 <node id="6437868745" visible="true" version="1" changeset="69721845" timestamp="2019-04-30T07:06:01Z" user="DantheMovieMan" uid="8484067" lat="-15.3580574" lon="28.4591523"/>
 <node id="6437868746" visible="true" version="1" changeset="69721845" timestamp="2019-04-30T07:06:01Z" user="DantheMovieMan" uid="8484067" lat="-15.3576682" lon="28.4519505"/>
 <node id="6437868747" visible="true" version="1" changeset="69721845" timestamp="2019-04-30T07:06:01Z" user="DantheMovieMan" uid="8484067" lat="-15.3586135" lon="28.4414591"/>
 <node id="6437868748" visible="true" version="1" changeset="69721845" timestamp="2019-04-30T07:06:01Z" user="DantheMovieMan" uid="8484067" lat="-15.3586627" lon="28.4410742"/>
 <node id="6437868750" visible="true" version="1" changeset="69721845" timestamp="2019-04-30T07:06:01Z" user="DantheMovieMan" uid="8484067" lat="-15.3673645" lon="28.4168686"/>
 <node id="6437868751" visible="true" version="2" changeset="125065616" timestamp="2022-08-18T14:44:41Z" user="Lalit_IAAS" uid="11589667" lat="-15.3682684" lon="28.4114478"/>
 <node id="6457139796" visible="true" version="1" changeset="70009982" timestamp="2019-05-08T06:16:04Z" user="DantheMovieMan" uid="8484067" lat="-15.3527073" lon="28.5439396"/>
 <node id="7840333430" visible="true" version="1" changeset="89863595" timestamp="2020-08-24T14:21:45Z" user="AndyFlem" uid="393767" lat="-15.3525344" lon="28.5514993"/>
 <node id="7840484039" visible="true" version="1" changeset="89866976" timestamp="2020-08-24T15:41:03Z" user="AndyFlem" uid="393767" lat="-15.3516978" lon="28.5558486"/>
 <node id="7840484056" visible="true" version="1" changeset="89866976" timestamp="2020-08-24T15:41:03Z" user="AndyFlem" uid="393767" lat="-15.3531765" lon="28.5472734"/>
 <node id="7840508195" visible="true" version="1" changeset="89866776" timestamp="2020-08-24T15:36:52Z" user="AndyFlem" uid="393767" lat="-15.3503185" lon="28.5630348"/>
 <node id="7840508228" visible="true" version="1" changeset="89866776" timestamp="2020-08-24T15:36:52Z" user="AndyFlem" uid="393767" lat="-15.3495593" lon="28.5669929"/>
 <node id="7840508253" visible="true" version="2" changeset="144341944" timestamp="2023-11-22T20:22:42Z" user="bellaroo" uid="16754545" lat="-15.3490862" lon="28.5694608"/>
 <node id="7840508272" visible="true" version="1" changeset="89866776" timestamp="2020-08-24T15:36:52Z" user="AndyFlem" uid="393767" lat="-15.3488853" lon="28.5705066"/>
 <node id="7840514874" visible="true" version="2" changeset="112422563" timestamp="2021-10-12T15:14:37Z" user="ftcat" uid="4136766" lat="-15.3495993" lon="28.4980627"/>
 <node id="9167535732" visible="true" version="2" changeset="131155234" timestamp="2023-01-11T17:15:14Z" user="Erik Schoute" uid="824324" lat="-15.3699642" lon="28.4045671"/>
 <node id="9167535737" visible="true" version="1" changeset="112419722" timestamp="2021-10-12T13:59:56Z" user="ftcat" uid="4136766" lat="-15.3700914" lon="28.4040443"/>
 <node id="9167602206" visible="true" version="2" changeset="139876913" timestamp="2023-08-14T15:22:52Z" user="ftcat" uid="4136766" lat="-15.3676929" lon="28.4151305"/>
 <node id="9167620571" visible="true" version="2" changeset="112422563" timestamp="2021-10-12T15:14:37Z" user="ftcat" uid="4136766" lat="-15.3520337" lon="28.4913381"/>
 <node id="9167638499" visible="true" version="1" changeset="112422058" timestamp="2021-10-12T15:00:43Z" user="ftcat" uid="4136766" lat="-15.3560158" lon="28.4793221"/>
 <node id="9167638504" visible="true" version="1" changeset="112422058" timestamp="2021-10-12T15:00:43Z" user="ftcat" uid="4136766" lat="-15.3561259" lon="28.4782533"/>
 <node id="9167638514" visible="true" version="1" changeset="112422058" timestamp="2021-10-12T15:00:43Z" user="ftcat" uid="4136766" lat="-15.3561843" lon="28.4776859"/>
 <node id="9167639744" visible="true" version="1" changeset="112421775" timestamp="2021-10-12T14:52:39Z" user="ftcat" uid="4136766" lat="-15.3568495" lon="28.4694225"/>
 <node id="9167639745" visible="true" version="1" changeset="112421775" timestamp="2021-10-12T14:52:39Z" user="ftcat" uid="4136766" lat="-15.3534176" lon="28.4701495"/>
 <node id="9167639746" visible="true" version="1" changeset="112421775" timestamp="2021-10-12T14:52:39Z" user="ftcat" uid="4136766" lat="-15.3538346" lon="28.4701806"/>
 <node id="9167639747" visible="true" version="1" changeset="112421775" timestamp="2021-10-12T14:52:39Z" user="ftcat" uid="4136766" lat="-15.3545133" lon="28.4702331"/>
 <node id="9167639748" visible="true" version="1" changeset="112421775" timestamp="2021-10-12T14:52:39Z" user="ftcat" uid="4136766" lat="-15.3545812" lon="28.4702636"/>
 <node id="9167639749" visible="true" version="1" changeset="112421775" timestamp="2021-10-12T14:52:39Z" user="ftcat" uid="4136766" lat="-15.3546367" lon="28.4703001"/>
 <node id="9167639750" visible="true" version="1" changeset="112421775" timestamp="2021-10-12T14:52:39Z" user="ftcat" uid="4136766" lat="-15.3546857" lon="28.4703451"/>
 <node id="9167639751" visible="true" version="1" changeset="112421775" timestamp="2021-10-12T14:52:39Z" user="ftcat" uid="4136766" lat="-15.3547269" lon="28.4703973"/>
 <node id="9167639752" visible="true" version="1" changeset="112421775" timestamp="2021-10-12T14:52:39Z" user="ftcat" uid="4136766" lat="-15.3547592" lon="28.4704553"/>
 <node id="9167639753" visible="true" version="1" changeset="112421775" timestamp="2021-10-12T14:52:39Z" user="ftcat" uid="4136766" lat="-15.3547819" lon="28.4705178"/>
 <node id="9167639754" visible="true" version="1" changeset="112421775" timestamp="2021-10-12T14:52:39Z" user="ftcat" uid="4136766" lat="-15.3547943" lon="28.4705831"/>
 <node id="9167639755" visible="true" version="1" changeset="112421775" timestamp="2021-10-12T14:52:39Z" user="ftcat" uid="4136766" lat="-15.3547961" lon="28.4706498"/>
 <node id="9167639756" visible="true" version="1" changeset="112421775" timestamp="2021-10-12T14:52:39Z" user="ftcat" uid="4136766" lat="-15.3547866" lon="28.4707188"/>
 <node id="9167639757" visible="true" version="1" changeset="112421775" timestamp="2021-10-12T14:52:39Z" user="ftcat" uid="4136766" lat="-15.3547655" lon="28.4707855"/>
 <node id="9167639758" visible="true" version="1" changeset="112421775" timestamp="2021-10-12T14:52:39Z" user="ftcat" uid="4136766" lat="-15.3547336" lon="28.4708477"/>
 <node id="9167639759" visible="true" version="1" changeset="112421775" timestamp="2021-10-12T14:52:39Z" user="ftcat" uid="4136766" lat="-15.3546918" lon="28.4709036"/>
 <node id="9167639760" visible="true" version="1" changeset="112421775" timestamp="2021-10-12T14:52:39Z" user="ftcat" uid="4136766" lat="-15.3546411" lon="28.4709518"/>
 <node id="9167639761" visible="true" version="1" changeset="112421775" timestamp="2021-10-12T14:52:39Z" user="ftcat" uid="4136766" lat="-15.3545831" lon="28.4709907"/>
 <node id="9167639762" visible="true" version="1" changeset="112421775" timestamp="2021-10-12T14:52:39Z" user="ftcat" uid="4136766" lat="-15.3545194" lon="28.4710194"/>
 <node id="9167639763" visible="true" version="1" changeset="112421775" timestamp="2021-10-12T14:52:39Z" user="ftcat" uid="4136766" lat="-15.3544440" lon="28.4710390"/>
 <node id="9167639764" visible="true" version="1" changeset="112421775" timestamp="2021-10-12T14:52:39Z" user="ftcat" uid="4136766" lat="-15.3534740" lon="28.4709451"/>
 <node id="9167639765" visible="true" version="1" changeset="112421775" timestamp="2021-10-12T14:52:39Z" user="ftcat" uid="4136766" lat="-15.3534037" lon="28.4709131"/>
 <node id="9167639766" visible="true" version="1" changeset="112421775" timestamp="2021-10-12T14:52:39Z" user="ftcat" uid="4136766" lat="-15.3533454" lon="28.4708733"/>
 <node id="9167639767" visible="true" version="1" changeset="112421775" timestamp="2021-10-12T14:52:39Z" user="ftcat" uid="4136766" lat="-15.3532950" lon="28.4708240"/>
 <node id="9167639768" visible="true" version="1" changeset="112421775" timestamp="2021-10-12T14:52:39Z" user="ftcat" uid="4136766" lat="-15.3532538" lon="28.4707667"/>
 <node id="9167639769" visible="true" version="1" changeset="112421775" timestamp="2021-10-12T14:52:39Z" user="ftcat" uid="4136766" lat="-15.3532232" lon="28.4707031"/>
 <node id="9167639770" visible="true" version="1" changeset="112421775" timestamp="2021-10-12T14:52:39Z" user="ftcat" uid="4136766" lat="-15.3532041" lon="28.4706352"/>
 <node id="9167639771" visible="true" version="1" changeset="112421775" timestamp="2021-10-12T14:52:39Z" user="ftcat" uid="4136766" lat="-15.3531970" lon="28.4705650"/>
 <node id="9167639772" visible="true" version="1" changeset="112421775" timestamp="2021-10-12T14:52:39Z" user="ftcat" uid="4136766" lat="-15.3532022" lon="28.4704951"/>
 <node id="9167639773" visible="true" version="1" changeset="112421775" timestamp="2021-10-12T14:52:39Z" user="ftcat" uid="4136766" lat="-15.3532171" lon="28.4704336"/>
 <node id="9167639774" visible="true" version="1" changeset="112421775" timestamp="2021-10-12T14:52:39Z" user="ftcat" uid="4136766" lat="-15.3532412" lon="28.4703756"/>
 <node id="9167639775" visible="true" version="1" changeset="112421775" timestamp="2021-10-12T14:52:39Z" user="ftcat" uid="4136766" lat="-15.3532740" lon="28.4703219"/>
 <node id="9167639776" visible="true" version="1" changeset="112421775" timestamp="2021-10-12T14:52:39Z" user="ftcat" uid="4136766" lat="-15.3533146" lon="28.4702740"/>
 <node id="9167639777" visible="true" version="1" changeset="112421775" timestamp="2021-10-12T14:52:39Z" user="ftcat" uid="4136766" lat="-15.3533622" lon="28.4702329"/>
 <node id="9167639778" visible="true" version="1" changeset="112421775" timestamp="2021-10-12T14:52:39Z" user="ftcat" uid="4136766" lat="-15.3534146" lon="28.4701996"/>
 <node id="9167639779" visible="true" version="1" changeset="112421775" timestamp="2021-10-12T14:52:39Z" user="ftcat" uid="4136766" lat="-15.3535415" lon="28.4701570"/>
 <node id="9167639780" visible="true" version="1" changeset="112421775" timestamp="2021-10-12T14:52:39Z" user="ftcat" uid="4136766" lat="-15.3538280" lon="28.4702657"/>
 <node id="9167639781" visible="true" version="1" changeset="112421775" timestamp="2021-10-12T14:52:39Z" user="ftcat" uid="4136766" lat="-15.3544909" lon="28.4709386"/>
 <node id="9167639782" visible="true" version="1" changeset="112421775" timestamp="2021-10-12T14:52:39Z" user="ftcat" uid="4136766" lat="-15.3545415" lon="28.4709158"/>
 <node id="9167639783" visible="true" version="1" changeset="112421775" timestamp="2021-10-12T14:52:39Z" user="ftcat" uid="4136766" lat="-15.3545875" lon="28.4708849"/>
 <node id="9167639784" visible="true" version="1" changeset="112421775" timestamp="2021-10-12T14:52:39Z" user="ftcat" uid="4136766" lat="-15.3546277" lon="28.4708467"/>
 <node id="9167639785" visible="true" version="1" changeset="112421775" timestamp="2021-10-12T14:52:39Z" user="ftcat" uid="4136766" lat="-15.3546610" lon="28.4708023"/>
 <node id="9167639786" visible="true" version="1" changeset="112421775" timestamp="2021-10-12T14:52:39Z" user="ftcat" uid="4136766" lat="-15.3546863" lon="28.4707529"/>
 <node id="9167639787" visible="true" version="1" changeset="112421775" timestamp="2021-10-12T14:52:39Z" user="ftcat" uid="4136766" lat="-15.3547030" lon="28.4707000"/>
 <node id="9167639788" visible="true" version="1" changeset="112421775" timestamp="2021-10-12T14:52:39Z" user="ftcat" uid="4136766" lat="-15.3547091" lon="28.4705923"/>
 <node id="9167639789" visible="true" version="1" changeset="112421775" timestamp="2021-10-12T14:52:39Z" user="ftcat" uid="4136766" lat="-15.3546993" lon="28.4705405"/>
 <node id="9167639790" visible="true" version="1" changeset="112421775" timestamp="2021-10-12T14:52:39Z" user="ftcat" uid="4136766" lat="-15.3546813" lon="28.4704909"/>
 <node id="9167639791" visible="true" version="1" changeset="112421775" timestamp="2021-10-12T14:52:39Z" user="ftcat" uid="4136766" lat="-15.3546556" lon="28.4704448"/>
 <node id="9167639792" visible="true" version="1" changeset="112421775" timestamp="2021-10-12T14:52:39Z" user="ftcat" uid="4136766" lat="-15.3546230" lon="28.4704033"/>
 <node id="9167639793" visible="true" version="1" changeset="112421775" timestamp="2021-10-12T14:52:39Z" user="ftcat" uid="4136766" lat="-15.3545841" lon="28.4703677"/>
 <node id="9167639794" visible="true" version="1" changeset="112421775" timestamp="2021-10-12T14:52:39Z" user="ftcat" uid="4136766" lat="-15.3545400" lon="28.4703386"/>
 <node id="9167639795" visible="true" version="1" changeset="112421775" timestamp="2021-10-12T14:52:39Z" user="ftcat" uid="4136766" lat="-15.3544372" lon="28.4709526"/>
 <node id="9167639796" visible="true" version="1" changeset="112421775" timestamp="2021-10-12T14:52:39Z" user="ftcat" uid="4136766" lat="-15.3547106" lon="28.4706451"/>
 <node id="9167639797" visible="true" version="1" changeset="112421775" timestamp="2021-10-12T14:52:39Z" user="ftcat" uid="4136766" lat="-15.3544919" lon="28.4703170"/>
 <node id="9167639798" visible="true" version="1" changeset="112421775" timestamp="2021-10-12T14:52:39Z" user="ftcat" uid="4136766" lat="-15.3534457" lon="28.4708385"/>
 <node id="9167639799" visible="true" version="1" changeset="112421775" timestamp="2021-10-12T14:52:39Z" user="ftcat" uid="4136766" lat="-15.3533998" lon="28.4708071"/>
 <node id="9167639800" visible="true" version="1" changeset="112421775" timestamp="2021-10-12T14:52:39Z" user="ftcat" uid="4136766" lat="-15.3533600" lon="28.4707682"/>
 <node id="9167639801" visible="true" version="1" changeset="112421775" timestamp="2021-10-12T14:52:39Z" user="ftcat" uid="4136766" lat="-15.3533275" lon="28.4707230"/>
 <node id="9167639802" visible="true" version="1" changeset="112421775" timestamp="2021-10-12T14:52:39Z" user="ftcat" uid="4136766" lat="-15.3533034" lon="28.4706728"/>
 <node id="9167639803" visible="true" version="1" changeset="112421775" timestamp="2021-10-12T14:52:39Z" user="ftcat" uid="4136766" lat="-15.3532883" lon="28.4706193"/>
 <node id="9167639804" visible="true" version="1" changeset="112421775" timestamp="2021-10-12T14:52:39Z" user="ftcat" uid="4136766" lat="-15.3532827" lon="28.4705639"/>
 <node id="9167639805" visible="true" version="1" changeset="112421775" timestamp="2021-10-12T14:52:39Z" user="ftcat" uid="4136766" lat="-15.3532985" lon="28.4704602"/>
 <node id="9167639806" visible="true" version="1" changeset="112421775" timestamp="2021-10-12T14:52:39Z" user="ftcat" uid="4136766" lat="-15.3533175" lon="28.4704144"/>
 <node id="9167639807" visible="true" version="1" changeset="112421775" timestamp="2021-10-12T14:52:39Z" user="ftcat" uid="4136766" lat="-15.3533434" lon="28.4703721"/>
 <node id="9167639808" visible="true" version="1" changeset="112421775" timestamp="2021-10-12T14:52:39Z" user="ftcat" uid="4136766" lat="-15.3533754" lon="28.4703343"/>
 <node id="9167639809" visible="true" version="1" changeset="112421775" timestamp="2021-10-12T14:52:39Z" user="ftcat" uid="4136766" lat="-15.3534130" lon="28.4703019"/>
 <node id="9167639810" visible="true" version="1" changeset="112421775" timestamp="2021-10-12T14:52:39Z" user="ftcat" uid="4136766" lat="-15.3534551" lon="28.4702757"/>
 <node id="9167639811" visible="true" version="1" changeset="112421775" timestamp="2021-10-12T14:52:39Z" user="ftcat" uid="4136766" lat="-15.3535007" lon="28.4702563"/>
 <node id="9167639812" visible="true" version="1" changeset="112421775" timestamp="2021-10-12T14:52:39Z" user="ftcat" uid="4136766" lat="-15.3534964" lon="28.4708615"/>
 <node id="9167639813" visible="true" version="1" changeset="112421775" timestamp="2021-10-12T14:52:39Z" user="ftcat" uid="4136766" lat="-15.3532868" lon="28.4705084"/>
 <node id="9167639814" visible="true" version="1" changeset="112421775" timestamp="2021-10-12T14:52:39Z" user="ftcat" uid="4136766" lat="-15.3535488" lon="28.4702441"/>
 <node id="9167639815" visible="true" version="1" changeset="112421775" timestamp="2021-10-12T14:52:39Z" user="ftcat" uid="4136766" lat="-15.3543461" lon="28.4710938"/>
 <node id="9167639816" visible="true" version="1" changeset="112421775" timestamp="2021-10-12T14:52:39Z" user="ftcat" uid="4136766" lat="-15.3544349" lon="28.4711576"/>
 <node id="9167641917" visible="true" version="1" changeset="112421775" timestamp="2021-10-12T14:52:39Z" user="ftcat" uid="4136766" lat="-15.3546536" lon="28.4711895"/>
 <node id="9167641918" visible="true" version="1" changeset="112421775" timestamp="2021-10-12T14:52:39Z" user="ftcat" uid="4136766" lat="-15.3562807" lon="28.4693649"/>
 <node id="9167641919" visible="true" version="1" changeset="112421775" timestamp="2021-10-12T14:52:39Z" user="ftcat" uid="4136766" lat="-15.3562664" lon="28.4694616"/>
 <node id="9167641920" visible="true" version="1" changeset="112421775" timestamp="2021-10-12T14:52:39Z" user="ftcat" uid="4136766" lat="-15.3562721" lon="28.4695277"/>
 <node id="9167641921" visible="true" version="1" changeset="112421775" timestamp="2021-10-12T14:52:39Z" user="ftcat" uid="4136766" lat="-15.3563519" lon="28.4694411"/>
 <node id="9167641922" visible="true" version="2" changeset="168151945" timestamp="2025-06-26T17:59:32Z" user="Aqu@rius" uid="13040649" lat="-15.3553699" lon="28.4698261"/>
 <node id="9167641923" visible="true" version="2" changeset="168151945" timestamp="2025-06-26T17:59:32Z" user="Aqu@rius" uid="13040649" lat="-15.3555106" lon="28.4697634"/>
 <node id="9167641924" visible="true" version="2" changeset="168151945" timestamp="2025-06-26T17:59:32Z" user="Aqu@rius" uid="13040649" lat="-15.3553289" lon="28.4698096"/>
 <node id="9167641925" visible="true" version="1" changeset="112421775" timestamp="2021-10-12T14:52:39Z" user="ftcat" uid="4136766" lat="-15.3554464" lon="28.4698888"/>
 <node id="9167641926" visible="true" version="2" changeset="168151945" timestamp="2025-06-26T17:59:32Z" user="Aqu@rius" uid="13040649" lat="-15.3553021" lon="28.4703278"/>
 <node id="9167641927" visible="true" version="2" changeset="168151945" timestamp="2025-06-26T17:59:32Z" user="Aqu@rius" uid="13040649" lat="-15.3552737" lon="28.4703486"/>
 <node id="9167641928" visible="true" version="2" changeset="168151945" timestamp="2025-06-26T17:59:32Z" user="Aqu@rius" uid="13040649" lat="-15.3552779" lon="28.4704196"/>
 <node id="9167641929" visible="true" version="2" changeset="168151945" timestamp="2025-06-26T17:59:32Z" user="Aqu@rius" uid="13040649" lat="-15.3553414" lon="28.4704315"/>
 <node id="9167641930" visible="true" version="2" changeset="168151945" timestamp="2025-06-26T17:59:32Z" user="Aqu@rius" uid="13040649" lat="-15.3553633" lon="28.4704106"/>
 <node id="9167641931" visible="true" version="2" changeset="168151945" timestamp="2025-06-26T17:59:32Z" user="Aqu@rius" uid="13040649" lat="-15.3553616" lon="28.4703497"/>
 <node id="9167641932" visible="true" version="2" changeset="168151945" timestamp="2025-06-26T17:59:32Z" user="Aqu@rius" uid="13040649" lat="-15.3553712" lon="28.4703808"/>
 <node id="9167641933" visible="true" version="2" changeset="168151945" timestamp="2025-06-26T17:59:32Z" user="Aqu@rius" uid="13040649" lat="-15.3552634" lon="28.4703830"/>
 <node id="9167641934" visible="true" version="2" changeset="168151945" timestamp="2025-06-26T17:59:32Z" user="Aqu@rius" uid="13040649" lat="-15.3553368" lon="28.4703294"/>
 <node id="9167641935" visible="true" version="1" changeset="112421775" timestamp="2021-10-12T14:52:39Z" user="ftcat" uid="4136766" lat="-15.3559338" lon="28.4704036"/>
 <node id="9167641936" visible="true" version="1" changeset="112421775" timestamp="2021-10-12T14:52:39Z" user="ftcat" uid="4136766" lat="-15.3557630" lon="28.4704127"/>
 <node id="9167641937" visible="true" version="1" changeset="112421775" timestamp="2021-10-12T14:52:39Z" user="ftcat" uid="4136766" lat="-15.3555261" lon="28.4704127"/>
 <node id="9167641938" visible="true" version="1" changeset="112421775" timestamp="2021-10-12T14:52:39Z" user="ftcat" uid="4136766" lat="-15.3548985" lon="28.4703930"/>
 <node id="9167641939" visible="true" version="1" changeset="112421775" timestamp="2021-10-12T14:52:39Z" user="ftcat" uid="4136766" lat="-15.3551753" lon="28.4704195"/>
 <node id="9167641940" visible="true" version="1" changeset="112421775" timestamp="2021-10-12T14:52:39Z" user="ftcat" uid="4136766" lat="-15.3552747" lon="28.4712463"/>
 <node id="9167641941" visible="true" version="1" changeset="112421775" timestamp="2021-10-12T14:52:39Z" user="ftcat" uid="4136766" lat="-15.3553188" lon="28.4706337"/>
 <node id="9167641942" visible="true" version="2" changeset="168151945" timestamp="2025-06-26T17:59:32Z" user="Aqu@rius" uid="13040649" lat="-15.3553121" lon="28.4704371"/>
 <node id="9167641943" visible="true" version="2" changeset="168151945" timestamp="2025-06-26T17:59:32Z" user="Aqu@rius" uid="13040649" lat="-15.3553470" lon="28.4702713"/>
 <node id="9167641944" visible="true" version="1" changeset="112421775" timestamp="2021-10-12T14:52:39Z" user="ftcat" uid="4136766" lat="-15.3555648" lon="28.4700938"/>
 <node id="9167641945" visible="true" version="1" changeset="112421775" timestamp="2021-10-12T14:52:39Z" user="ftcat" uid="4136766" lat="-15.3557357" lon="28.4700232"/>
 <node id="9167641946" visible="true" version="1" changeset="112421775" timestamp="2021-10-12T14:52:39Z" user="ftcat" uid="4136766" lat="-15.3561024" lon="28.4698774"/>
 <node id="9167641947" visible="true" version="1" changeset="112421775" timestamp="2021-10-12T14:52:39Z" user="ftcat" uid="4136766" lat="-15.3564362" lon="28.4693826"/>
 <node id="9167641948" visible="true" version="1" changeset="112421775" timestamp="2021-10-12T14:52:39Z" user="ftcat" uid="4136766" lat="-15.3563200" lon="28.4695015"/>
 <node id="9167641949" visible="true" version="1" changeset="112421775" timestamp="2021-10-12T14:52:39Z" user="ftcat" uid="4136766" lat="-15.3562869" lon="28.4695995"/>
 <node id="9167641950" visible="true" version="1" changeset="112421775" timestamp="2021-10-12T14:52:39Z" user="ftcat" uid="4136766" lat="-15.3562459" lon="28.4698045"/>
 <node id="9167641951" visible="true" version="1" changeset="112421775" timestamp="2021-10-12T14:52:39Z" user="ftcat" uid="4136766" lat="-15.3562300" lon="28.4700619"/>
 <node id="9167641952" visible="true" version="1" changeset="112421775" timestamp="2021-10-12T14:52:39Z" user="ftcat" uid="4136766" lat="-15.3561844" lon="28.4702419"/>
 <node id="9167641953" visible="true" version="1" changeset="112421775" timestamp="2021-10-12T14:52:39Z" user="ftcat" uid="4136766" lat="-15.3561343" lon="28.4703649"/>
 <node id="9167641954" visible="true" version="1" changeset="112421775" timestamp="2021-10-12T14:52:39Z" user="ftcat" uid="4136766" lat="-15.3561001" lon="28.4703968"/>
 <node id="9167641955" visible="true" version="1" changeset="112421775" timestamp="2021-10-12T14:52:39Z" user="ftcat" uid="4136766" lat="-15.3560819" lon="28.4705949"/>
 <node id="9167641956" visible="true" version="1" changeset="112421775" timestamp="2021-10-12T14:52:39Z" user="ftcat" uid="4136766" lat="-15.3560865" lon="28.4708637"/>
 <node id="9167641957" visible="true" version="1" changeset="112421775" timestamp="2021-10-12T14:52:39Z" user="ftcat" uid="4136766" lat="-15.3560341" lon="28.4711303"/>
 <node id="9167641958" visible="true" version="1" changeset="112421775" timestamp="2021-10-12T14:52:39Z" user="ftcat" uid="4136766" lat="-15.3559931" lon="28.4712191"/>
 <node id="9167641959" visible="true" version="1" changeset="112421775" timestamp="2021-10-12T14:52:39Z" user="ftcat" uid="4136766" lat="-15.3559430" lon="28.4712692"/>
 <node id="9167641960" visible="true" version="1" changeset="112421775" timestamp="2021-10-12T14:52:39Z" user="ftcat" uid="4136766" lat="-15.3558860" lon="28.4712920"/>
 <node id="9167641961" visible="true" version="1" changeset="112421775" timestamp="2021-10-12T14:52:39Z" user="ftcat" uid="4136766" lat="-15.3549110" lon="28.4712191"/>
 <node id="9167641962" visible="true" version="1" changeset="112421775" timestamp="2021-10-12T14:52:39Z" user="ftcat" uid="4136766" lat="-15.3548564" lon="28.4711941"/>
 <node id="9167641963" visible="true" version="1" changeset="112421775" timestamp="2021-10-12T14:52:39Z" user="ftcat" uid="4136766" lat="-15.3548404" lon="28.4711371"/>
 <node id="9167641964" visible="true" version="1" changeset="112421775" timestamp="2021-10-12T14:52:39Z" user="ftcat" uid="4136766" lat="-15.3549110" lon="28.4702327"/>
 <node id="9167641965" visible="true" version="1" changeset="112421775" timestamp="2021-10-12T14:52:39Z" user="ftcat" uid="4136766" lat="-15.3549520" lon="28.4698273"/>
 <node id="9167641966" visible="true" version="1" changeset="112421775" timestamp="2021-10-12T14:52:39Z" user="ftcat" uid="4136766" lat="-15.3555284" lon="28.4700095"/>
 <node id="9167641967" visible="true" version="1" changeset="112421775" timestamp="2021-10-12T14:52:39Z" user="ftcat" uid="4136766" lat="-15.3555603" lon="28.4697316"/>
 <node id="9167641968" visible="true" version="1" changeset="112421775" timestamp="2021-10-12T14:52:39Z" user="ftcat" uid="4136766" lat="-15.3555967" lon="28.4695903"/>
 <node id="9167641969" visible="true" version="1" changeset="112421775" timestamp="2021-10-12T14:52:39Z" user="ftcat" uid="4136766" lat="-15.3560637" lon="28.4694673"/>
 <node id="9167641970" visible="true" version="1" changeset="112421775" timestamp="2021-10-12T14:52:39Z" user="ftcat" uid="4136766" lat="-15.3562538" lon="28.4693615"/>
 <node id="9167641971" visible="true" version="1" changeset="112421775" timestamp="2021-10-12T14:52:39Z" user="ftcat" uid="4136766" lat="-15.3564279" lon="28.4677079"/>
 <node id="9167641972" visible="true" version="1" changeset="112421775" timestamp="2021-10-12T14:52:39Z" user="ftcat" uid="4136766" lat="-15.3563792" lon="28.4678078"/>
 <node id="9167641973" visible="true" version="1" changeset="112421775" timestamp="2021-10-12T14:52:39Z" user="ftcat" uid="4136766" lat="-15.3564059" lon="28.4677948"/>
 <node id="9167641974" visible="true" version="1" changeset="112421775" timestamp="2021-10-12T14:52:39Z" user="ftcat" uid="4136766" lat="-15.3562926" lon="28.4678500"/>
 <node id="9167641975" visible="true" version="1" changeset="112421775" timestamp="2021-10-12T14:52:39Z" user="ftcat" uid="4136766" lat="-15.3561958" lon="28.4678784"/>
 <node id="9167641976" visible="true" version="1" changeset="112421775" timestamp="2021-10-12T14:52:39Z" user="ftcat" uid="4136766" lat="-15.3560899" lon="28.4678921"/>
 <node id="9167641977" visible="true" version="1" changeset="112421775" timestamp="2021-10-12T14:52:39Z" user="ftcat" uid="4136766" lat="-15.3560045" lon="28.4678958"/>
 <node id="9167641978" visible="true" version="1" changeset="112421775" timestamp="2021-10-12T14:52:39Z" user="ftcat" uid="4136766" lat="-15.3563747" lon="28.4678602"/>
 <node id="9167641979" visible="true" version="1" changeset="112421775" timestamp="2021-10-12T14:52:39Z" user="ftcat" uid="4136766" lat="-15.3564785" lon="28.4678441"/>
 <node id="9167641980" visible="true" version="1" changeset="112421775" timestamp="2021-10-12T14:52:39Z" user="ftcat" uid="4136766" lat="-15.3565278" lon="28.4678260"/>
 <node id="9167641981" visible="true" version="1" changeset="112421775" timestamp="2021-10-12T14:52:39Z" user="ftcat" uid="4136766" lat="-15.3565465" lon="28.4678026"/>
 <node id="9167641982" visible="true" version="1" changeset="112421775" timestamp="2021-10-12T14:52:39Z" user="ftcat" uid="4136766" lat="-15.3565550" lon="28.4677739"/>
 <node id="9167641983" visible="true" version="1" changeset="112421775" timestamp="2021-10-12T14:52:39Z" user="ftcat" uid="4136766" lat="-15.3565521" lon="28.4677441"/>
 <node id="9167641984" visible="true" version="1" changeset="112421775" timestamp="2021-10-12T14:52:39Z" user="ftcat" uid="4136766" lat="-15.3565380" lon="28.4677176"/>
 <node id="9167641985" visible="true" version="1" changeset="112421775" timestamp="2021-10-12T14:52:39Z" user="ftcat" uid="4136766" lat="-15.3565151" lon="28.4676984"/>
 <node id="9167641986" visible="true" version="1" changeset="112421775" timestamp="2021-10-12T14:52:39Z" user="ftcat" uid="4136766" lat="-15.3564971" lon="28.4676911"/>
 <node id="9167641987" visible="true" version="1" changeset="112421775" timestamp="2021-10-12T14:52:39Z" user="ftcat" uid="4136766" lat="-15.3564484" lon="28.4676943"/>
 <node id="9167641988" visible="true" version="1" changeset="112421775" timestamp="2021-10-12T14:52:39Z" user="ftcat" uid="4136766" lat="-15.3564172" lon="28.4677174"/>
 <node id="9167641989" visible="true" version="1" changeset="112421775" timestamp="2021-10-12T14:52:39Z" user="ftcat" uid="4136766" lat="-15.3564052" lon="28.4677380"/>
 <node id="9167641990" visible="true" version="1" changeset="112421775" timestamp="2021-10-12T14:52:39Z" user="ftcat" uid="4136766" lat="-15.3563999" lon="28.4677613"/>
 <node id="9167641991" visible="true" version="1" changeset="112421775" timestamp="2021-10-12T14:52:39Z" user="ftcat" uid="4136766" lat="-15.3564172" lon="28.4678151"/>
 <node id="9167641992" visible="true" version="1" changeset="112421775" timestamp="2021-10-12T14:52:39Z" user="ftcat" uid="4136766" lat="-15.3564344" lon="28.4678309"/>
 <node id="9167641993" visible="true" version="1" changeset="112421775" timestamp="2021-10-12T14:52:39Z" user="ftcat" uid="4136766" lat="-15.3564555" lon="28.4678409"/>
 <node id="9167641994" visible="true" version="1" changeset="112421775" timestamp="2021-10-12T14:52:39Z" user="ftcat" uid="4136766" lat="-15.3564725" lon="28.4676888"/>
 <node id="9167641995" visible="true" version="1" changeset="112421775" timestamp="2021-10-12T14:52:39Z" user="ftcat" uid="4136766" lat="-15.3564006" lon="28.4677763"/>
 <node id="9167641996" visible="true" version="1" changeset="112421775" timestamp="2021-10-12T14:52:39Z" user="ftcat" uid="4136766" lat="-15.3561366" lon="28.4670754">
  <tag k="barrier" v="gate"/>
 </node>
 <node id="9167641997" visible="true" version="1" changeset="112421775" timestamp="2021-10-12T14:52:39Z" user="ftcat" uid="4136766" lat="-15.3561568" lon="28.4670051"/>
 <node id="9167641998" visible="true" version="1" changeset="112421775" timestamp="2021-10-12T14:52:39Z" user="ftcat" uid="4136766" lat="-15.3561161" lon="28.4680322"/>
 <node id="9167641999" visible="true" version="1" changeset="112421775" timestamp="2021-10-12T14:52:39Z" user="ftcat" uid="4136766" lat="-15.3560136" lon="28.4679320"/>
 <node id="9167642000" visible="true" version="1" changeset="112421775" timestamp="2021-10-12T14:52:39Z" user="ftcat" uid="4136766" lat="-15.3559817" lon="28.4675424"/>
 <node id="9167642001" visible="true" version="1" changeset="112421775" timestamp="2021-10-12T14:52:39Z" user="ftcat" uid="4136766" lat="-15.3560227" lon="28.4673351"/>
 <node id="9167642002" visible="true" version="1" changeset="112421775" timestamp="2021-10-12T14:52:39Z" user="ftcat" uid="4136766" lat="-15.3561161" lon="28.4671438"/>
 <node id="9167642003" visible="true" version="1" changeset="112421775" timestamp="2021-10-12T14:52:39Z" user="ftcat" uid="4136766" lat="-15.3565535" lon="28.4671984"/>
 <node id="9167642004" visible="true" version="1" changeset="112421775" timestamp="2021-10-12T14:52:39Z" user="ftcat" uid="4136766" lat="-15.3566309" lon="28.4672076"/>
 <node id="9167642005" visible="true" version="1" changeset="112421775" timestamp="2021-10-12T14:52:39Z" user="ftcat" uid="4136766" lat="-15.3566446" lon="28.4673237"/>
 <node id="9167642006" visible="true" version="1" changeset="112421775" timestamp="2021-10-12T14:52:39Z" user="ftcat" uid="4136766" lat="-15.3566241" lon="28.4675219"/>
 <node id="9167642007" visible="true" version="1" changeset="112421775" timestamp="2021-10-12T14:52:39Z" user="ftcat" uid="4136766" lat="-15.3565016" lon="28.4678406"/>
 <node id="9167642008" visible="true" version="1" changeset="112421775" timestamp="2021-10-12T14:52:39Z" user="ftcat" uid="4136766" lat="-15.3563707" lon="28.4681049"/>
 <node id="9167642009" visible="true" version="1" changeset="112421775" timestamp="2021-10-12T14:52:39Z" user="ftcat" uid="4136766" lat="-15.3559771" lon="28.4677862"/>
 <node id="9167642010" visible="true" version="1" changeset="112421775" timestamp="2021-10-12T14:52:39Z" user="ftcat" uid="4136766" lat="-15.3560500" lon="28.4678021"/>
 <node id="9167642011" visible="true" version="1" changeset="112421775" timestamp="2021-10-12T14:52:39Z" user="ftcat" uid="4136766" lat="-15.3561411" lon="28.4677862"/>
 <node id="9167642012" visible="true" version="1" changeset="112421775" timestamp="2021-10-12T14:52:39Z" user="ftcat" uid="4136766" lat="-15.3562983" lon="28.4677520"/>
 <node id="9167642013" visible="true" version="1" changeset="112421775" timestamp="2021-10-12T14:52:39Z" user="ftcat" uid="4136766" lat="-15.3563826" lon="28.4677224"/>
 <node id="9167642014" visible="true" version="1" changeset="112421775" timestamp="2021-10-12T14:52:39Z" user="ftcat" uid="4136766" lat="-15.3563314" lon="28.4693713"/>
 <node id="9167642015" visible="true" version="1" changeset="112421775" timestamp="2021-10-12T14:52:39Z" user="ftcat" uid="4136766" lat="-15.3570178" lon="28.4694401"/>
 <node id="9167642016" visible="true" version="1" changeset="112421775" timestamp="2021-10-12T14:52:39Z" user="ftcat" uid="4136766" lat="-15.3539884" lon="28.4700892"/>
 <node id="9167642017" visible="true" version="1" changeset="112421775" timestamp="2021-10-12T14:52:39Z" user="ftcat" uid="4136766" lat="-15.3540682" lon="28.4692760"/>
 <node id="9167642018" visible="true" version="1" changeset="112421775" timestamp="2021-10-12T14:52:39Z" user="ftcat" uid="4136766" lat="-15.3549292" lon="28.4693625"/>
 <node id="9167642019" visible="true" version="1" changeset="112421775" timestamp="2021-10-12T14:52:39Z" user="ftcat" uid="4136766" lat="-15.3554737" lon="28.4693489"/>
 <node id="9167642020" visible="true" version="1" changeset="112421775" timestamp="2021-10-12T14:52:39Z" user="ftcat" uid="4136766" lat="-15.3559931" lon="28.4693284"/>
 <node id="9167642021" visible="true" version="1" changeset="112421775" timestamp="2021-10-12T14:52:39Z" user="ftcat" uid="4136766" lat="-15.3563701" lon="28.4693762"/>
 <node id="9167642022" visible="true" version="1" changeset="112421775" timestamp="2021-10-12T14:52:39Z" user="ftcat" uid="4136766" lat="-15.3565352" lon="28.4693922"/>
 <node id="9167642023" visible="true" version="1" changeset="112421775" timestamp="2021-10-12T14:52:39Z" user="ftcat" uid="4136766" lat="-15.3566469" lon="28.4694013"/>
 <node id="9167642024" visible="true" version="1" changeset="112421775" timestamp="2021-10-12T14:52:39Z" user="ftcat" uid="4136766" lat="-15.3566890" lon="28.4693272"/>
 <node id="9167642026" visible="true" version="1" changeset="112421775" timestamp="2021-10-12T14:52:39Z" user="ftcat" uid="4136766" lat="-15.3562801" lon="28.4670162"/>
 <node id="9167651487" visible="true" version="1" changeset="112422563" timestamp="2021-10-12T15:14:37Z" user="ftcat" uid="4136766" lat="-15.3505941" lon="28.4953518"/>
 <node id="9167651490" visible="true" version="1" changeset="112422563" timestamp="2021-10-12T15:14:37Z" user="ftcat" uid="4136766" lat="-15.3513049" lon="28.4933325"/>
 <node id="9167667402" visible="true" version="1" changeset="112422659" timestamp="2021-10-12T15:17:15Z" user="ftcat" uid="4136766" lat="-15.3466244" lon="28.5062388"/>
 <node id="9211723202" visible="true" version="1" changeset="113150235" timestamp="2021-10-30T07:26:25Z" user="ftcat" uid="4136766" lat="-15.3644928" lon="28.4272336"/>
 <node id="9211723205" visible="true" version="1" changeset="113150235" timestamp="2021-10-30T07:26:25Z" user="ftcat" uid="4136766" lat="-15.3645716" lon="28.4269489"/>
 <node id="9575598419" visible="true" version="1" changeset="118437605" timestamp="2022-03-13T16:47:05Z" user="ftcat" uid="4136766" lat="-15.3573663" lon="28.4713786"/>
 <node id="9575598422" visible="true" version="1" changeset="118437605" timestamp="2022-03-13T16:47:05Z" user="ftcat" uid="4136766" lat="-15.3572730" lon="28.4713725"/>
 <node id="9575598423" visible="true" version="1" changeset="118437605" timestamp="2022-03-13T16:47:05Z" user="ftcat" uid="4136766" lat="-15.3577494" lon="28.4714036"/>
 <node id="9575598424" visible="true" version="1" changeset="118437605" timestamp="2022-03-13T16:47:05Z" user="ftcat" uid="4136766" lat="-15.3568194" lon="28.4713429"/>
 <node id="9945276687" visible="true" version="2" changeset="125065384" timestamp="2022-08-18T14:38:26Z" user="Lalit_IAAS" uid="11589667" lat="-15.3677925" lon="28.4144813"/>
 <node id="9950056005" visible="true" version="1" changeset="124834931" timestamp="2022-08-12T21:34:34Z" user="AlFroeter" uid="16526944" lat="-15.3486370" lon="28.5717768"/>
 <node id="9961735259" visible="true" version="1" changeset="125065616" timestamp="2022-08-18T14:44:41Z" user="Lalit_IAAS" uid="11589667" lat="-15.3682819" lon="28.4113720"/>
 <node id="10230935729" visible="true" version="2" changeset="139921202" timestamp="2023-08-15T15:26:46Z" user="ftcat" uid="4136766" lat="-15.3432859" lon="28.5154260"/>
 <node id="10752679525" visible="true" version="1" changeset="133971004" timestamp="2023-03-22T10:01:54Z" user="Baraka Jungwa" uid="13952785" lat="-15.3422893" lon="28.5184711"/>
 <node id="10752697741" visible="true" version="1" changeset="133971085" timestamp="2023-03-22T10:04:00Z" user="Baraka Jungwa" uid="13952785" lat="-15.3481944" lon="28.5314283"/>
 <node id="10752727086" visible="true" version="1" changeset="133971480" timestamp="2023-03-22T10:14:27Z" user="Baraka Jungwa" uid="13952785" lat="-15.3507896" lon="28.5605783"/>
 <node id="10766494925" visible="true" version="1" changeset="134182083" timestamp="2023-03-27T15:08:18Z" user="ftcat" uid="4136766" lat="-15.3429125" lon="28.5220443"/>
 <node id="10978427411" visible="true" version="1" changeset="137360215" timestamp="2023-06-15T08:44:37Z" user="LakeMatano" uid="16936637" lat="-15.3614656" lon="28.4693551"/>
 <node id="10978427412" visible="true" version="1" changeset="137360215" timestamp="2023-06-15T08:44:37Z" user="LakeMatano" uid="16936637" lat="-15.3571876" lon="28.4677370"/>
 <node id="10978427418" visible="true" version="1" changeset="137360215" timestamp="2023-06-15T08:44:37Z" user="LakeMatano" uid="16936637" lat="-15.3572651" lon="28.4668740"/>
 <node id="11117019747" visible="true" version="1" changeset="139921202" timestamp="2023-08-15T15:26:46Z" user="ftcat" uid="4136766" lat="-15.3448120" lon="28.5111872"/>
 <node id="11117019841" visible="true" version="1" changeset="139921202" timestamp="2023-08-15T15:26:46Z" user="ftcat" uid="4136766" lat="-15.3494492" lon="28.4984749"/>
 <node id="11413002223" visible="true" version="1" changeset="145045939" timestamp="2023-12-12T16:58:20Z" user="ftcat" uid="4136766" lat="-15.3697387" lon="28.4054630"/>
 <node id="11750117733" visible="true" version="1" changeset="148956885" timestamp="2024-03-21T11:18:03Z" user="KaghanValley" uid="17999716" lat="-15.3560297" lon="28.4791817"/>
 <node id="12816148639" visible="true" version="1" changeset="165920478" timestamp="2025-05-07T05:36:11Z" user="severino chundu" uid="14364367" lat="-15.3530710" lon="28.4691376"/>
 <node id="12816148640" visible="true" version="1" changeset="165920478" timestamp="2025-05-07T05:36:11Z" user="severino chundu" uid="14364367" lat="-15.3530664" lon="28.4692201"/>
 <node id="12816148641" visible="true" version="1" changeset="165920478" timestamp="2025-05-07T05:36:11Z" user="severino chundu" uid="14364367" lat="-15.3530300" lon="28.4692179"/>
 <node id="12816148642" visible="true" version="1" changeset="165920478" timestamp="2025-05-07T05:36:11Z" user="severino chundu" uid="14364367" lat="-15.3530345" lon="28.4691355"/>
 <node id="12816148643" visible="true" version="2" changeset="188869102" timestamp="2026-09-11T12:12:29Z" user="Mwauluka" uid="24542069" lat="-15.3533014" lon="28.4699186"/>
 <node id="12816148644" visible="true" version="1" changeset="165920478" timestamp="2025-05-07T05:36:11Z" user="severino chundu" uid="14364367" lat="-15.3533193" lon="28.4696754"/>
 <node id="12816148645" visible="true" version="2" changeset="188869102" timestamp="2026-09-11T12:12:29Z" user="Mwauluka" uid="24542069" lat="-15.3539643" lon="28.4699811"/>
 <node id="12816148646" visible="true" version="1" changeset="165920478" timestamp="2025-05-07T05:36:11Z" user="severino chundu" uid="14364367" lat="-15.3532686" lon="28.4696711"/>
 <node id="12816148647" visible="true" version="2" changeset="188869102" timestamp="2026-09-11T12:12:29Z" user="Mwauluka" uid="24542069" lat="-15.3532312" lon="28.4695684"/>
 <node id="12816148648" visible="true" version="2" changeset="188869102" timestamp="2026-09-11T12:12:29Z" user="Mwauluka" uid="24542069" lat="-15.3539873" lon="28.4696223"/>
 <node id="12816148703" visible="true" version="1" changeset="165920478" timestamp="2025-05-07T05:36:11Z" user="severino chundu" uid="14364367" lat="-15.3531640" lon="28.4682069"/>
 <node id="12816148704" visible="true" version="1" changeset="165920478" timestamp="2025-05-07T05:36:11Z" user="severino chundu" uid="14364367" lat="-15.3530980" lon="28.4682056"/>
 <node id="12816148705" visible="true" version="1" changeset="165920478" timestamp="2025-05-07T05:36:11Z" user="severino chundu" uid="14364367" lat="-15.3530992" lon="28.4681430"/>
 <node id="12816148706" visible="true" version="1" changeset="165920478" timestamp="2025-05-07T05:36:11Z" user="severino chundu" uid="14364367" lat="-15.3531652" lon="28.4681444"/>
 <node id="12816148707" visible="true" version="1" changeset="165920478" timestamp="2025-05-07T05:36:11Z" user="severino chundu" uid="14364367" lat="-15.3530757" lon="28.4680379"/>
 <node id="12816148708" visible="true" version="1" changeset="165920478" timestamp="2025-05-07T05:36:11Z" user="severino chundu" uid="14364367" lat="-15.3530692" lon="28.4681974"/>
 <node id="12816148709" visible="true" version="1" changeset="165920478" timestamp="2025-05-07T05:36:11Z" user="severino chundu" uid="14364367" lat="-15.3529595" lon="28.4681927"/>
 <node id="12816148710" visible="true" version="1" changeset="165920478" timestamp="2025-05-07T05:36:11Z" user="severino chundu" uid="14364367" lat="-15.3529660" lon="28.4680331"/>
 <node id="12816148711" visible="true" version="1" changeset="165920478" timestamp="2025-05-07T05:36:11Z" user="severino chundu" uid="14364367" lat="-15.3530400" lon="28.4683138"/>
 <node id="12816148712" visible="true" version="1" changeset="165920478" timestamp="2025-05-07T05:36:11Z" user="severino chundu" uid="14364367" lat="-15.3528667" lon="28.4683017"/>
 <node id="12816148713" visible="true" version="1" changeset="165920478" timestamp="2025-05-07T05:36:11Z" user="severino chundu" uid="14364367" lat="-15.3528729" lon="28.4682061"/>
 <node id="12816148714" visible="true" version="1" changeset="165920478" timestamp="2025-05-07T05:36:11Z" user="severino chundu" uid="14364367" lat="-15.3530462" lon="28.4682181"/>
 <node id="12816148723" visible="true" version="1" changeset="165920478" timestamp="2025-05-07T05:36:11Z" user="severino chundu" uid="14364367" lat="-15.3531361" lon="28.4683941"/>
 <node id="12816148724" visible="true" version="1" changeset="165920478" timestamp="2025-05-07T05:36:11Z" user="severino chundu" uid="14364367" lat="-15.3531129" lon="28.4686476"/>
 <node id="12816148725" visible="true" version="1" changeset="165920478" timestamp="2025-05-07T05:36:11Z" user="severino chundu" uid="14364367" lat="-15.3529880" lon="28.4686352"/>
 <node id="12816148726" visible="true" version="1" changeset="165920478" timestamp="2025-05-07T05:36:11Z" user="severino chundu" uid="14364367" lat="-15.3530113" lon="28.4683818"/>
 <node id="12816148727" visible="true" version="1" changeset="165920478" timestamp="2025-05-07T05:36:11Z" user="severino chundu" uid="14364367" lat="-15.3536966" lon="28.4678342"/>
 <node id="12816148728" visible="true" version="1" changeset="165920478" timestamp="2025-05-07T05:36:11Z" user="severino chundu" uid="14364367" lat="-15.3536681" lon="28.4683599"/>
 <node id="12816148729" visible="true" version="1" changeset="165920478" timestamp="2025-05-07T05:36:11Z" user="severino chundu" uid="14364367" lat="-15.3535130" lon="28.4683509"/>
 <node id="12816148730" visible="true" version="1" changeset="165920478" timestamp="2025-05-07T05:36:11Z" user="severino chundu" uid="14364367" lat="-15.3535415" lon="28.4678252"/>
 <node id="12816148731" visible="true" version="1" changeset="165920478" timestamp="2025-05-07T05:36:11Z" user="severino chundu" uid="14364367" lat="-15.3539684" lon="28.4686224"/>
 <node id="12816148732" visible="true" version="1" changeset="165920478" timestamp="2025-05-07T05:36:11Z" user="severino chundu" uid="14364367" lat="-15.3535080" lon="28.4685955"/>
 <node id="12816148733" visible="true" version="1" changeset="165920478" timestamp="2025-05-07T05:36:11Z" user="severino chundu" uid="14364367" lat="-15.3535195" lon="28.4683831"/>
 <node id="12816148734" visible="true" version="1" changeset="165920478" timestamp="2025-05-07T05:36:11Z" user="severino chundu" uid="14364367" lat="-15.3539799" lon="28.4684099"/>
 <node id="12816160629" visible="true" version="1" changeset="165920903" timestamp="2025-05-07T05:52:06Z" user="severino chundu" uid="14364367" lat="-15.3539073" lon="28.4670318"/>
 <node id="12816160630" visible="true" version="1" changeset="165920903" timestamp="2025-05-07T05:52:06Z" user="severino chundu" uid="14364367" lat="-15.3538326" lon="28.4670054"/>
 <node id="12816160631" visible="true" version="1" changeset="165920903" timestamp="2025-05-07T05:52:06Z" user="severino chundu" uid="14364367" lat="-15.3538409" lon="28.4672104"/>
 <node id="12816160632" visible="true" version="1" changeset="165920903" timestamp="2025-05-07T05:52:06Z" user="severino chundu" uid="14364367" lat="-15.3538222" lon="28.4672775"/>
 <node id="12816160633" visible="true" version="1" changeset="165920903" timestamp="2025-05-07T05:52:06Z" user="severino chundu" uid="14364367" lat="-15.3537034" lon="28.4672089"/>
 <node id="12816160634" visible="true" version="1" changeset="165920903" timestamp="2025-05-07T05:52:06Z" user="severino chundu" uid="14364367" lat="-15.3539455" lon="28.4671677"/>
 <node id="12816160635" visible="true" version="1" changeset="165920903" timestamp="2025-05-07T05:52:06Z" user="severino chundu" uid="14364367" lat="-15.3537515" lon="28.4673045"/>
 <node id="12816160636" visible="true" version="1" changeset="165920903" timestamp="2025-05-07T05:52:06Z" user="severino chundu" uid="14364367" lat="-15.3536346" lon="28.4671774"/>
 <node id="12816160637" visible="true" version="1" changeset="165920903" timestamp="2025-05-07T05:52:06Z" user="severino chundu" uid="14364367" lat="-15.3537122" lon="28.4669951"/>
 <node id="12816160638" visible="true" version="1" changeset="165920903" timestamp="2025-05-07T05:52:06Z" user="severino chundu" uid="14364367" lat="-15.3538289" lon="28.4676572"/>
 <node id="12816160639" visible="true" version="1" changeset="165920903" timestamp="2025-05-07T05:52:06Z" user="severino chundu" uid="14364367" lat="-15.3538264" lon="28.4677477"/>
 <node id="12816160640" visible="true" version="1" changeset="165920903" timestamp="2025-05-07T05:52:06Z" user="severino chundu" uid="14364367" lat="-15.3537290" lon="28.4677447"/>
 <node id="12816160641" visible="true" version="1" changeset="165920903" timestamp="2025-05-07T05:52:06Z" user="severino chundu" uid="14364367" lat="-15.3537316" lon="28.4676542"/>
 <node id="12816160642" visible="true" version="1" changeset="165920903" timestamp="2025-05-07T05:52:06Z" user="severino chundu" uid="14364367" lat="-15.3538126" lon="28.4674071"/>
 <node id="12816160643" visible="true" version="1" changeset="165920903" timestamp="2025-05-07T05:52:06Z" user="severino chundu" uid="14364367" lat="-15.3538087" lon="28.4675526"/>
 <node id="12816160644" visible="true" version="1" changeset="165920903" timestamp="2025-05-07T05:52:06Z" user="severino chundu" uid="14364367" lat="-15.3537271" lon="28.4675503"/>
 <node id="12816160645" visible="true" version="1" changeset="165920903" timestamp="2025-05-07T05:52:06Z" user="severino chundu" uid="14364367" lat="-15.3537310" lon="28.4674048"/>
 <node id="12816160646" visible="true" version="1" changeset="165920903" timestamp="2025-05-07T05:52:06Z" user="severino chundu" uid="14364367" lat="-15.3536753" lon="28.4674101"/>
 <node id="12816160647" visible="true" version="1" changeset="165920903" timestamp="2025-05-07T05:52:06Z" user="severino chundu" uid="14364367" lat="-15.3536721" lon="28.4674718"/>
 <node id="12816160648" visible="true" version="1" changeset="165920903" timestamp="2025-05-07T05:52:06Z" user="severino chundu" uid="14364367" lat="-15.3535538" lon="28.4674651"/>
 <node id="12816160649" visible="true" version="1" changeset="165920903" timestamp="2025-05-07T05:52:06Z" user="severino chundu" uid="14364367" lat="-15.3535570" lon="28.4674034"/>
 <node id="12816160650" visible="true" version="1" changeset="165920903" timestamp="2025-05-07T05:52:06Z" user="severino chundu" uid="14364367" lat="-15.3536620" lon="28.4674850"/>
 <node id="12816160651" visible="true" version="1" changeset="165920903" timestamp="2025-05-07T05:52:06Z" user="severino chundu" uid="14364367" lat="-15.3536561" lon="28.4676224"/>
 <node id="12816160652" visible="true" version="1" changeset="165920903" timestamp="2025-05-07T05:52:06Z" user="severino chundu" uid="14364367" lat="-15.3535441" lon="28.4676173"/>
 <node id="12816160653" visible="true" version="1" changeset="165920903" timestamp="2025-05-07T05:52:06Z" user="severino chundu" uid="14364367" lat="-15.3535499" lon="28.4674799"/>
 <node id="12816160654" visible="true" version="1" changeset="165920903" timestamp="2025-05-07T05:52:06Z" user="severino chundu" uid="14364367" lat="-15.3536523" lon="28.4676413"/>
 <node id="12816160655" visible="true" version="1" changeset="165920903" timestamp="2025-05-07T05:52:06Z" user="severino chundu" uid="14364367" lat="-15.3536426" lon="28.4677741"/>
 <node id="12816160656" visible="true" version="1" changeset="165920903" timestamp="2025-05-07T05:52:06Z" user="severino chundu" uid="14364367" lat="-15.3535337" lon="28.4677655"/>
 <node id="12816160657" visible="true" version="1" changeset="165920903" timestamp="2025-05-07T05:52:06Z" user="severino chundu" uid="14364367" lat="-15.3535434" lon="28.4676328"/>
 <node id="12816166032" visible="true" version="1" changeset="165920903" timestamp="2025-05-07T05:52:06Z" user="severino chundu" uid="14364367" lat="-15.3530386" lon="28.4669588"/>
 <node id="12816166033" visible="true" version="1" changeset="165920903" timestamp="2025-05-07T05:52:06Z" user="severino chundu" uid="14364367" lat="-15.3530410" lon="28.4668849"/>
 <node id="12816166034" visible="true" version="1" changeset="165920903" timestamp="2025-05-07T05:52:06Z" user="severino chundu" uid="14364367" lat="-15.3530035" lon="28.4669424"/>
 <node id="12816166035" visible="true" version="1" changeset="165920903" timestamp="2025-05-07T05:52:06Z" user="severino chundu" uid="14364367" lat="-15.3529492" lon="28.4669405"/>
 <node id="12816166036" visible="true" version="1" changeset="165920903" timestamp="2025-05-07T05:52:06Z" user="severino chundu" uid="14364367" lat="-15.3530054" lon="28.4668836"/>
 <node id="12816166037" visible="true" version="1" changeset="165920903" timestamp="2025-05-07T05:52:06Z" user="severino chundu" uid="14364367" lat="-15.3529511" lon="28.4668817"/>
 <node id="12816166038" visible="true" version="1" changeset="165920903" timestamp="2025-05-07T05:52:06Z" user="severino chundu" uid="14364367" lat="-15.3530817" lon="28.4669603"/>
 <node id="12816166039" visible="true" version="1" changeset="165920903" timestamp="2025-05-07T05:52:06Z" user="severino chundu" uid="14364367" lat="-15.3529235" lon="28.4668808"/>
 <node id="12816166040" visible="true" version="1" changeset="165920903" timestamp="2025-05-07T05:52:06Z" user="severino chundu" uid="14364367" lat="-15.3529253" lon="28.4668268"/>
 <node id="12816166041" visible="true" version="1" changeset="165920903" timestamp="2025-05-07T05:52:06Z" user="severino chundu" uid="14364367" lat="-15.3530859" lon="28.4668324"/>
 <node id="12816166042" visible="true" version="1" changeset="165920903" timestamp="2025-05-07T05:52:06Z" user="severino chundu" uid="14364367" lat="-15.3531916" lon="28.4668201"/>
 <node id="12816166043" visible="true" version="1" changeset="165920903" timestamp="2025-05-07T05:52:06Z" user="severino chundu" uid="14364367" lat="-15.3531889" lon="28.4668544"/>
 <node id="12816166044" visible="true" version="1" changeset="165920903" timestamp="2025-05-07T05:52:06Z" user="severino chundu" uid="14364367" lat="-15.3532852" lon="28.4668969"/>
 <node id="12816166045" visible="true" version="1" changeset="165920903" timestamp="2025-05-07T05:52:06Z" user="severino chundu" uid="14364367" lat="-15.3532059" lon="28.4668903"/>
 <node id="12816166046" visible="true" version="1" changeset="165920903" timestamp="2025-05-07T05:52:06Z" user="severino chundu" uid="14364367" lat="-15.3531085" lon="28.4669494"/>
 <node id="12816166047" visible="true" version="1" changeset="165920903" timestamp="2025-05-07T05:52:06Z" user="severino chundu" uid="14364367" lat="-15.3531072" lon="28.4669664"/>
 <node id="12816166048" visible="true" version="1" changeset="165920903" timestamp="2025-05-07T05:52:06Z" user="severino chundu" uid="14364367" lat="-15.3531218" lon="28.4668265"/>
 <node id="12816166049" visible="true" version="1" changeset="165920903" timestamp="2025-05-07T05:52:06Z" user="severino chundu" uid="14364367" lat="-15.3531667" lon="28.4668302"/>
 <node id="12816166050" visible="true" version="1" changeset="165920903" timestamp="2025-05-07T05:52:06Z" user="severino chundu" uid="14364367" lat="-15.3531650" lon="28.4668524"/>
 <node id="12816166051" visible="true" version="1" changeset="165920903" timestamp="2025-05-07T05:52:06Z" user="severino chundu" uid="14364367" lat="-15.3531201" lon="28.4668487"/>
 <node id="12816166052" visible="true" version="1" changeset="165920903" timestamp="2025-05-07T05:52:06Z" user="severino chundu" uid="14364367" lat="-15.3532905" lon="28.4668282"/>
 <node id="12816166053" visible="true" version="1" changeset="165920903" timestamp="2025-05-07T05:52:06Z" user="severino chundu" uid="14364367" lat="-15.3531994" lon="28.4669740"/>
 <node id="12816166054" visible="true" version="1" changeset="165920903" timestamp="2025-05-07T05:52:06Z" user="severino chundu" uid="14364367" lat="-15.3530902" lon="28.4669479"/>
 <node id="12816166055" visible="true" version="1" changeset="165920903" timestamp="2025-05-07T05:52:06Z" user="severino chundu" uid="14364367" lat="-15.3530979" lon="28.4668469"/>
 <node id="12816166094" visible="true" version="2" changeset="167493294" timestamp="2025-06-11T13:57:11Z" user="Steve Atta Sey" uid="21917090" lat="-15.3531668" lon="28.4677569"/>
 <node id="12816166095" visible="true" version="2" changeset="167493294" timestamp="2025-06-11T13:57:11Z" user="Steve Atta Sey" uid="21917090" lat="-15.3531526" lon="28.4679219"/>
 <node id="12816166096" visible="true" version="2" changeset="167493294" timestamp="2025-06-11T13:57:11Z" user="Steve Atta Sey" uid="21917090" lat="-15.3530438" lon="28.4679118"/>
 <node id="12816166097" visible="true" version="2" changeset="167493294" timestamp="2025-06-11T13:57:11Z" user="Steve Atta Sey" uid="21917090" lat="-15.3530536" lon="28.4677464"/>
 <node id="12895953313" visible="true" version="1" changeset="167332839" timestamp="2025-06-08T02:04:43Z" user="MR KOOMSON✊" uid="20911338" lat="-15.3610778" lon="28.4349096"/>
 <node id="12899261472" visible="true" version="1" changeset="167396676" timestamp="2025-06-09T12:56:35Z" user="Its_Marcelo" uid="18370135" lat="-15.3644566" lon="28.4273644"/>
 <node id="12899319397" visible="true" version="1" changeset="167396756" timestamp="2025-06-09T12:58:06Z" user="Its_Marcelo" uid="18370135" lat="-15.3645539" lon="28.4270129"/>
 <node id="12899319399" visible="true" version="1" changeset="167396756" timestamp="2025-06-09T12:58:06Z" user="Its_Marcelo" uid="18370135" lat="-15.3646035" lon="28.4268337"/>
 <node id="12899341003" visible="true" version="1" changeset="167396756" timestamp="2025-06-09T12:58:06Z" user="Its_Marcelo" uid="18370135" lat="-15.3647148" lon="28.4264318"/>
 <node id="12899341005" visible="true" version="1" changeset="167396756" timestamp="2025-06-09T12:58:06Z" user="Its_Marcelo" uid="18370135" lat="-15.3643292" lon="28.4278238"/>
 <node id="12904019051" visible="true" version="1" changeset="167470845" timestamp="2025-06-11T03:38:22Z" user="MR KOOMSON✊" uid="20911338" lat="-15.3564487" lon="28.4673531"/>
 <node id="12904019052" visible="true" version="1" changeset="167470845" timestamp="2025-06-11T03:38:22Z" user="MR KOOMSON✊" uid="20911338" lat="-15.3565690" lon="28.4672955"/>
 <node id="12904019070" visible="true" version="1" changeset="167470845" timestamp="2025-06-11T03:38:22Z" user="MR KOOMSON✊" uid="20911338" lat="-15.3553978" lon="28.4678682"/>
 <node id="12904019071" visible="true" version="1" changeset="167470845" timestamp="2025-06-11T03:38:22Z" user="MR KOOMSON✊" uid="20911338" lat="-15.3554053" lon="28.4679599"/>
 <node id="12904019072" visible="true" version="1" changeset="167470845" timestamp="2025-06-11T03:38:22Z" user="MR KOOMSON✊" uid="20911338" lat="-15.3554177" lon="28.4678664"/>
 <node id="12904019073" visible="true" version="1" changeset="167470845" timestamp="2025-06-11T03:38:22Z" user="MR KOOMSON✊" uid="20911338" lat="-15.3554183" lon="28.4679587"/>
 <node id="12904019074" visible="true" version="1" changeset="167470845" timestamp="2025-06-11T03:38:22Z" user="MR KOOMSON✊" uid="20911338" lat="-15.3552374" lon="28.4682243"/>
 <node id="12904019075" visible="true" version="1" changeset="167470845" timestamp="2025-06-11T03:38:22Z" user="MR KOOMSON✊" uid="20911338" lat="-15.3552255" lon="28.4680783"/>
 <node id="12904019076" visible="true" version="1" changeset="167470845" timestamp="2025-06-11T03:38:22Z" user="MR KOOMSON✊" uid="20911338" lat="-15.3552143" lon="28.4682264"/>
 <node id="12904019077" visible="true" version="1" changeset="167470845" timestamp="2025-06-11T03:38:22Z" user="MR KOOMSON✊" uid="20911338" lat="-15.3552024" lon="28.4680803"/>
 <node id="12904019078" visible="true" version="1" changeset="167470845" timestamp="2025-06-11T03:38:22Z" user="MR KOOMSON✊" uid="20911338" lat="-15.3552177" lon="28.4679639"/>
 <node id="12904019079" visible="true" version="1" changeset="167470845" timestamp="2025-06-11T03:38:22Z" user="MR KOOMSON✊" uid="20911338" lat="-15.3552112" lon="28.4678835"/>
 <node id="12904019080" visible="true" version="1" changeset="167470845" timestamp="2025-06-11T03:38:22Z" user="MR KOOMSON✊" uid="20911338" lat="-15.3551931" lon="28.4679660"/>
 <node id="12904019081" visible="true" version="1" changeset="167470845" timestamp="2025-06-11T03:38:22Z" user="MR KOOMSON✊" uid="20911338" lat="-15.3551866" lon="28.4678857"/>
 <node id="12904019082" visible="true" version="1" changeset="167470845" timestamp="2025-06-11T03:38:22Z" user="MR KOOMSON✊" uid="20911338" lat="-15.3556193" lon="28.4683156"/>
 <node id="12904019083" visible="true" version="1" changeset="167470845" timestamp="2025-06-11T03:38:22Z" user="MR KOOMSON✊" uid="20911338" lat="-15.3555556" lon="28.4683146"/>
 <node id="12904019084" visible="true" version="1" changeset="167470845" timestamp="2025-06-11T03:38:22Z" user="MR KOOMSON✊" uid="20911338" lat="-15.3556695" lon="28.4682223"/>
 <node id="12904019085" visible="true" version="1" changeset="167470845" timestamp="2025-06-11T03:38:22Z" user="MR KOOMSON✊" uid="20911338" lat="-15.3554964" lon="28.4682270"/>
 <node id="12904019086" visible="true" version="1" changeset="167470845" timestamp="2025-06-11T03:38:22Z" user="MR KOOMSON✊" uid="20911338" lat="-15.3554779" lon="28.4679376"/>
 <node id="12904019087" visible="true" version="1" changeset="167470845" timestamp="2025-06-11T03:38:22Z" user="MR KOOMSON✊" uid="20911338" lat="-15.3556470" lon="28.4679229"/>
 <node id="12904019088" visible="true" version="1" changeset="167470845" timestamp="2025-06-11T03:38:22Z" user="MR KOOMSON✊" uid="20911338" lat="-15.3556593" lon="28.4680741"/>
 <node id="12904019089" visible="true" version="1" changeset="167470845" timestamp="2025-06-11T03:38:22Z" user="MR KOOMSON✊" uid="20911338" lat="-15.3554902" lon="28.4680889"/>
 <node id="12904019090" visible="true" version="1" changeset="167470845" timestamp="2025-06-11T03:38:22Z" user="MR KOOMSON✊" uid="20911338" lat="-15.3554089" lon="28.4677588"/>
 <node id="12904019091" visible="true" version="1" changeset="167470845" timestamp="2025-06-11T03:38:22Z" user="MR KOOMSON✊" uid="20911338" lat="-15.3554293" lon="28.4680942"/>
 <node id="12904019092" visible="true" version="1" changeset="167470845" timestamp="2025-06-11T03:38:22Z" user="MR KOOMSON✊" uid="20911338" lat="-15.3554516" lon="28.4683433"/>
 <node id="12904019093" visible="true" version="1" changeset="167470845" timestamp="2025-06-11T03:38:22Z" user="MR KOOMSON✊" uid="20911338" lat="-15.3554425" lon="28.4682317"/>
 <node id="12904019094" visible="true" version="1" changeset="167470845" timestamp="2025-06-11T03:38:22Z" user="MR KOOMSON✊" uid="20911338" lat="-15.3552254" lon="28.4683631"/>
 <node id="12904019095" visible="true" version="1" changeset="167470845" timestamp="2025-06-11T03:38:22Z" user="MR KOOMSON✊" uid="20911338" lat="-15.3551779" lon="28.4677790"/>
 <node id="12904019096" visible="true" version="1" changeset="167470845" timestamp="2025-06-11T03:38:22Z" user="MR KOOMSON✊" uid="20911338" lat="-15.3557445" lon="28.4682158"/>
 <node id="12904019097" visible="true" version="1" changeset="167470845" timestamp="2025-06-11T03:38:22Z" user="MR KOOMSON✊" uid="20911338" lat="-15.3557325" lon="28.4680678"/>
 <node id="12904019098" visible="true" version="1" changeset="167470845" timestamp="2025-06-11T03:38:22Z" user="MR KOOMSON✊" uid="20911338" lat="-15.3557163" lon="28.4678684"/>
 <node id="12904019099" visible="true" version="1" changeset="167470845" timestamp="2025-06-11T03:38:22Z" user="MR KOOMSON✊" uid="20911338" lat="-15.3557532" lon="28.4683227"/>
 <node id="12904019100" visible="true" version="1" changeset="167470845" timestamp="2025-06-11T03:38:22Z" user="MR KOOMSON✊" uid="20911338" lat="-15.3559339" lon="28.4683069"/>
 <node id="12904024431" visible="true" version="1" changeset="167470115" timestamp="2025-06-11T02:51:48Z" user="Boanerge Bright Bonsu" uid="18370012" lat="-15.3656787" lon="28.4230196"/>
 <node id="12904049436" visible="true" version="1" changeset="167471148" timestamp="2025-06-11T03:55:34Z" user="MR KOOMSON✊" uid="20911338" lat="-15.3569720" lon="28.4683530"/>
 <node id="12904049437" visible="true" version="1" changeset="167471148" timestamp="2025-06-11T03:55:34Z" user="MR KOOMSON✊" uid="20911338" lat="-15.3569417" lon="28.4683520"/>
 <node id="12904052401" visible="true" version="1" changeset="167470845" timestamp="2025-06-11T03:38:22Z" user="MR KOOMSON✊" uid="20911338" lat="-15.3558970" lon="28.4678526"/>
 <node id="12904052402" visible="true" version="1" changeset="167470845" timestamp="2025-06-11T03:38:22Z" user="MR KOOMSON✊" uid="20911338" lat="-15.3539032" lon="28.4673883"/>
 <node id="12904052403" visible="true" version="1" changeset="167470845" timestamp="2025-06-11T03:38:22Z" user="MR KOOMSON✊" uid="20911338" lat="-15.3538748" lon="28.4677129"/>
 <node id="12904052404" visible="true" version="1" changeset="167470845" timestamp="2025-06-11T03:38:22Z" user="MR KOOMSON✊" uid="20911338" lat="-15.3540278" lon="28.4677273"/>
 <node id="12904052405" visible="true" version="1" changeset="167470845" timestamp="2025-06-11T03:38:22Z" user="MR KOOMSON✊" uid="20911338" lat="-15.3540562" lon="28.4674028"/>
 <node id="12904052406" visible="true" version="1" changeset="167470845" timestamp="2025-06-11T03:38:22Z" user="MR KOOMSON✊" uid="20911338" lat="-15.3538576" lon="28.4678697"/>
 <node id="12904052407" visible="true" version="1" changeset="167470845" timestamp="2025-06-11T03:38:22Z" user="MR KOOMSON✊" uid="20911338" lat="-15.3538162" lon="28.4683686"/>
 <node id="12904052408" visible="true" version="1" changeset="167470845" timestamp="2025-06-11T03:38:22Z" user="MR KOOMSON✊" uid="20911338" lat="-15.3540239" lon="28.4683871"/>
 <node id="12904052409" visible="true" version="1" changeset="167470845" timestamp="2025-06-11T03:38:22Z" user="MR KOOMSON✊" uid="20911338" lat="-15.3540653" lon="28.4678882"/>
 <node id="12904052410" visible="true" version="1" changeset="167470845" timestamp="2025-06-11T03:38:22Z" user="MR KOOMSON✊" uid="20911338" lat="-15.3551333" lon="28.4672456"/>
 <node id="12904052411" visible="true" version="1" changeset="167470845" timestamp="2025-06-11T03:38:22Z" user="MR KOOMSON✊" uid="20911338" lat="-15.3551255" lon="28.4674421"/>
 <node id="12904052412" visible="true" version="1" changeset="167470845" timestamp="2025-06-11T03:38:22Z" user="MR KOOMSON✊" uid="20911338" lat="-15.3551787" lon="28.4674443"/>
 <node id="12904052413" visible="true" version="1" changeset="167470845" timestamp="2025-06-11T03:38:22Z" user="MR KOOMSON✊" uid="20911338" lat="-15.3551865" lon="28.4672479"/>
 <node id="12904052498" visible="true" version="1" changeset="167470845" timestamp="2025-06-11T03:38:22Z" user="MR KOOMSON✊" uid="20911338" lat="-15.3561197" lon="28.4676319"/>
 <node id="12904052499" visible="true" version="1" changeset="167470845" timestamp="2025-06-11T03:38:22Z" user="MR KOOMSON✊" uid="20911338" lat="-15.3560297" lon="28.4676458"/>
 <node id="12904052500" visible="true" version="1" changeset="167470845" timestamp="2025-06-11T03:38:22Z" user="MR KOOMSON✊" uid="20911338" lat="-15.3560320" lon="28.4677412"/>
 <node id="12904052501" visible="true" version="1" changeset="167470845" timestamp="2025-06-11T03:38:22Z" user="MR KOOMSON✊" uid="20911338" lat="-15.3561372" lon="28.4677381"/>
 <node id="12904052502" visible="true" version="1" changeset="167470845" timestamp="2025-06-11T03:38:22Z" user="MR KOOMSON✊" uid="20911338" lat="-15.3563008" lon="28.4676825"/>
 <node id="12904052503" visible="true" version="1" changeset="167470845" timestamp="2025-06-11T03:38:22Z" user="MR KOOMSON✊" uid="20911338" lat="-15.3563526" lon="28.4676500"/>
 <node id="12904052504" visible="true" version="1" changeset="167470845" timestamp="2025-06-11T03:38:22Z" user="MR KOOMSON✊" uid="20911338" lat="-15.3564445" lon="28.4675697"/>
 <node id="12904052505" visible="true" version="1" changeset="167470845" timestamp="2025-06-11T03:38:22Z" user="MR KOOMSON✊" uid="20911338" lat="-15.3564973" lon="28.4675039"/>
 <node id="12904052506" visible="true" version="1" changeset="167470845" timestamp="2025-06-11T03:38:22Z" user="MR KOOMSON✊" uid="20911338" lat="-15.3565393" lon="28.4674247"/>
 <node id="12904052507" visible="true" version="1" changeset="167470845" timestamp="2025-06-11T03:38:22Z" user="MR KOOMSON✊" uid="20911338" lat="-15.3564851" lon="28.4672692"/>
 <node id="12904052508" visible="true" version="1" changeset="167470845" timestamp="2025-06-11T03:38:22Z" user="MR KOOMSON✊" uid="20911338" lat="-15.3563890" lon="28.4672781"/>
 <node id="12904052509" visible="true" version="1" changeset="167470845" timestamp="2025-06-11T03:38:22Z" user="MR KOOMSON✊" uid="20911338" lat="-15.3560545" lon="28.4675590"/>
 <node id="12904068816" visible="true" version="1" changeset="167471148" timestamp="2025-06-11T03:55:34Z" user="MR KOOMSON✊" uid="20911338" lat="-15.3568691" lon="28.4699632"/>
 <node id="12904068817" visible="true" version="1" changeset="167471148" timestamp="2025-06-11T03:55:34Z" user="MR KOOMSON✊" uid="20911338" lat="-15.3568161" lon="28.4699565"/>
 <node id="12904068818" visible="true" version="1" changeset="167471148" timestamp="2025-06-11T03:55:34Z" user="MR KOOMSON✊" uid="20911338" lat="-15.3568205" lon="28.4699193"/>
 <node id="12904068819" visible="true" version="1" changeset="167471148" timestamp="2025-06-11T03:55:34Z" user="MR KOOMSON✊" uid="20911338" lat="-15.3568735" lon="28.4699260"/>
 <node id="12904068820" visible="true" version="1" changeset="167471148" timestamp="2025-06-11T03:55:34Z" user="MR KOOMSON✊" uid="20911338" lat="-15.3568792" lon="28.4698843"/>
 <node id="12904068821" visible="true" version="1" changeset="167471148" timestamp="2025-06-11T03:55:34Z" user="MR KOOMSON✊" uid="20911338" lat="-15.3568229" lon="28.4698776"/>
 <node id="12904068822" visible="true" version="1" changeset="167471148" timestamp="2025-06-11T03:55:34Z" user="MR KOOMSON✊" uid="20911338" lat="-15.3568282" lon="28.4698295"/>
 <node id="12904068823" visible="true" version="1" changeset="167471148" timestamp="2025-06-11T03:55:34Z" user="MR KOOMSON✊" uid="20911338" lat="-15.3568845" lon="28.4698362"/>
 <node id="12904068824" visible="true" version="1" changeset="167471148" timestamp="2025-06-11T03:55:34Z" user="MR KOOMSON✊" uid="20911338" lat="-15.3568364" lon="28.4696556"/>
 <node id="12904068825" visible="true" version="1" changeset="167471148" timestamp="2025-06-11T03:55:34Z" user="MR KOOMSON✊" uid="20911338" lat="-15.3568914" lon="28.4696623"/>
 <node id="12904068826" visible="true" version="1" changeset="167471148" timestamp="2025-06-11T03:55:34Z" user="MR KOOMSON✊" uid="20911338" lat="-15.3568890" lon="28.4696833"/>
 <node id="12904068827" visible="true" version="1" changeset="167471148" timestamp="2025-06-11T03:55:34Z" user="MR KOOMSON✊" uid="20911338" lat="-15.3568341" lon="28.4696766"/>
 <node id="12904068828" visible="true" version="1" changeset="167471148" timestamp="2025-06-11T03:55:34Z" user="MR KOOMSON✊" uid="20911338" lat="-15.3569090" lon="28.4695587"/>
 <node id="12904068829" visible="true" version="1" changeset="167471148" timestamp="2025-06-11T03:55:34Z" user="MR KOOMSON✊" uid="20911338" lat="-15.3568696" lon="28.4695479"/>
 <node id="12904068830" visible="true" version="1" changeset="167471148" timestamp="2025-06-11T03:55:34Z" user="MR KOOMSON✊" uid="20911338" lat="-15.3568632" lon="28.4695733"/>
 <node id="12904068831" visible="true" version="1" changeset="167471148" timestamp="2025-06-11T03:55:34Z" user="MR KOOMSON✊" uid="20911338" lat="-15.3569026" lon="28.4695841"/>
 <node id="12904068832" visible="true" version="1" changeset="167471148" timestamp="2025-06-11T03:55:34Z" user="MR KOOMSON✊" uid="20911338" lat="-15.3568124" lon="28.4701018"/>
 <node id="12904068833" visible="true" version="1" changeset="167471148" timestamp="2025-06-11T03:55:34Z" user="MR KOOMSON✊" uid="20911338" lat="-15.3567969" lon="28.4702037"/>
 <node id="12904068834" visible="true" version="1" changeset="167471148" timestamp="2025-06-11T03:55:34Z" user="MR KOOMSON✊" uid="20911338" lat="-15.3568250" lon="28.4702083"/>
 <node id="12904068835" visible="true" version="1" changeset="167471148" timestamp="2025-06-11T03:55:34Z" user="MR KOOMSON✊" uid="20911338" lat="-15.3568405" lon="28.4701064"/>
 <node id="12904068836" visible="true" version="1" changeset="167471148" timestamp="2025-06-11T03:55:34Z" user="MR KOOMSON✊" uid="20911338" lat="-15.3569729" lon="28.4683231"/>
 <node id="12904068837" visible="true" version="1" changeset="167471148" timestamp="2025-06-11T03:55:34Z" user="MR KOOMSON✊" uid="20911338" lat="-15.3569390" lon="28.4684403"/>
 <node id="12904068838" visible="true" version="1" changeset="167471148" timestamp="2025-06-11T03:55:34Z" user="MR KOOMSON✊" uid="20911338" lat="-15.3569985" lon="28.4684422"/>
 <node id="12904068839" visible="true" version="1" changeset="167471148" timestamp="2025-06-11T03:55:34Z" user="MR KOOMSON✊" uid="20911338" lat="-15.3570022" lon="28.4683241"/>
 <node id="12906054781" visible="true" version="1" changeset="167493294" timestamp="2025-06-11T13:57:11Z" user="Steve Atta Sey" uid="21917090" lat="-15.3530496" lon="28.4677934"/>
 <node id="12906054782" visible="true" version="1" changeset="167493294" timestamp="2025-06-11T13:57:11Z" user="Steve Atta Sey" uid="21917090" lat="-15.3530488" lon="28.4678538"/>
 <node id="12906054783" visible="true" version="1" changeset="167493294" timestamp="2025-06-11T13:57:11Z" user="Steve Atta Sey" uid="21917090" lat="-15.3530381" lon="28.4678528"/>
 <node id="12906054784" visible="true" version="1" changeset="167493294" timestamp="2025-06-11T13:57:11Z" user="Steve Atta Sey" uid="21917090" lat="-15.3530433" lon="28.4677928"/>
 <node id="12915226477" visible="true" version="1" changeset="167622121" timestamp="2025-06-14T17:24:39Z" user="zebrina-samy" uid="16378798" lat="-15.3558658" lon="28.4693894"/>
 <node id="12915226478" visible="true" version="1" changeset="167622121" timestamp="2025-06-14T17:24:39Z" user="zebrina-samy" uid="16378798" lat="-15.3559667" lon="28.4693747"/>
 <node id="12915226479" visible="true" version="1" changeset="167622121" timestamp="2025-06-14T17:24:39Z" user="zebrina-samy" uid="16378798" lat="-15.3559631" lon="28.4693480"/>
 <node id="12915226480" visible="true" version="1" changeset="167622121" timestamp="2025-06-14T17:24:39Z" user="zebrina-samy" uid="16378798" lat="-15.3558622" lon="28.4693628"/>
 <node id="12915226481" visible="true" version="1" changeset="167622121" timestamp="2025-06-14T17:24:39Z" user="zebrina-samy" uid="16378798" lat="-15.3560269" lon="28.4701928"/>
 <node id="12915226482" visible="true" version="2" changeset="188868771" timestamp="2026-09-11T12:06:00Z" user="Mwauluka" uid="24542069" lat="-15.3557511" lon="28.4701385"/>
 <node id="12915226483" visible="true" version="2" changeset="188868771" timestamp="2026-09-11T12:06:00Z" user="Mwauluka" uid="24542069" lat="-15.3558470" lon="28.4703142"/>
 <node id="12915226484" visible="true" version="1" changeset="167622121" timestamp="2025-06-14T17:24:39Z" user="zebrina-samy" uid="16378798" lat="-15.3559254" lon="28.4700725"/>
 <node id="12915226485" visible="true" version="1" changeset="167622121" timestamp="2025-06-14T17:24:39Z" user="zebrina-samy" uid="16378798" lat="-15.3560267" lon="28.4701929"/>
 <node id="12915226486" visible="true" version="2" changeset="188868771" timestamp="2026-09-11T12:06:00Z" user="Mwauluka" uid="24542069" lat="-15.3561270" lon="28.4701884"/>
 <node id="12915226487" visible="true" version="1" changeset="167622121" timestamp="2025-06-14T17:24:39Z" user="zebrina-samy" uid="16378798" lat="-15.3560272" lon="28.4700375"/>
 <node id="12915226488" visible="true" version="2" changeset="188868771" timestamp="2026-09-11T12:06:00Z" user="Mwauluka" uid="24542069" lat="-15.3561128" lon="28.4699718"/>
 <node id="12915226489" visible="true" version="2" changeset="188868771" timestamp="2026-09-11T12:06:00Z" user="Mwauluka" uid="24542069" lat="-15.3561455" lon="28.4701200"/>
 <node id="12915226491" visible="true" version="2" changeset="188868771" timestamp="2026-09-11T12:06:00Z" user="Mwauluka" uid="24542069" lat="-15.3560538" lon="28.4702279"/>
 <node id="12915226492" visible="true" version="2" changeset="188868771" timestamp="2026-09-11T12:06:00Z" user="Mwauluka" uid="24542069" lat="-15.3560030" lon="28.4699698"/>
 <node id="12915226493" visible="true" version="2" changeset="188868771" timestamp="2026-09-11T12:06:00Z" user="Mwauluka" uid="24542069" lat="-15.3559050" lon="28.4700185"/>
 <node id="12915226494" visible="true" version="1" changeset="167622121" timestamp="2025-06-14T17:24:39Z" user="zebrina-samy" uid="16378798" lat="-15.3560374" lon="28.4702191"/>
 <node id="12915226495" visible="true" version="2" changeset="188868771" timestamp="2026-09-11T12:06:00Z" user="Mwauluka" uid="24542069" lat="-15.3557318" lon="28.4700875"/>
 <node id="12915226497" visible="true" version="2" changeset="188868771" timestamp="2026-09-11T12:06:00Z" user="Mwauluka" uid="24542069" lat="-15.3557229" lon="28.4703452"/>
 <node id="12915226498" visible="true" version="2" changeset="188868771" timestamp="2026-09-11T12:06:00Z" user="Mwauluka" uid="24542069" lat="-15.3556545" lon="28.4701243"/>
 <node id="12915228215" visible="true" version="1" changeset="167622121" timestamp="2025-06-14T17:24:39Z" user="zebrina-samy" uid="16378798" lat="-15.3548053" lon="28.4698210"/>
 <node id="12915228216" visible="true" version="2" changeset="188869102" timestamp="2026-09-11T12:12:29Z" user="Mwauluka" uid="24542069" lat="-15.3541275" lon="28.4698298"/>
 <node id="12915228217" visible="true" version="2" changeset="188869102" timestamp="2026-09-11T12:12:29Z" user="Mwauluka" uid="24542069" lat="-15.3545738" lon="28.4699801"/>
 <node id="12915228218" visible="true" version="2" changeset="188869102" timestamp="2026-09-11T12:12:29Z" user="Mwauluka" uid="24542069" lat="-15.3543905" lon="28.4699577"/>
 <node id="12915228220" visible="true" version="2" changeset="188869102" timestamp="2026-09-11T12:12:29Z" user="Mwauluka" uid="24542069" lat="-15.3541106" lon="28.4699381"/>
 <node id="12915228222" visible="true" version="2" changeset="188869102" timestamp="2026-09-11T12:12:29Z" user="Mwauluka" uid="24542069" lat="-15.3547985" lon="28.4699893"/>
 <node id="12915228223" visible="true" version="1" changeset="167622121" timestamp="2025-06-14T17:24:39Z" user="zebrina-samy" uid="16378798" lat="-15.3541417" lon="28.4697556"/>
 <node id="12915228224" visible="true" version="1" changeset="167622121" timestamp="2025-06-14T17:24:39Z" user="zebrina-samy" uid="16378798" lat="-15.3548391" lon="28.4698243"/>
 <node id="12915228225" visible="true" version="2" changeset="188869102" timestamp="2026-09-11T12:12:29Z" user="Mwauluka" uid="24542069" lat="-15.3548660" lon="28.4697160"/>
 <node id="12915228226" visible="true" version="2" changeset="188869102" timestamp="2026-09-11T12:12:29Z" user="Mwauluka" uid="24542069" lat="-15.3540965" lon="28.4696455"/>
 <node id="12915228235" visible="true" version="1" changeset="167622121" timestamp="2025-06-14T17:24:39Z" user="zebrina-samy" uid="16378798" lat="-15.3559957" lon="28.4696467"/>
 <node id="12915228236" visible="true" version="1" changeset="167622121" timestamp="2025-06-14T17:24:39Z" user="zebrina-samy" uid="16378798" lat="-15.3560656" lon="28.4697938"/>
 <node id="12915228237" visible="true" version="1" changeset="167622121" timestamp="2025-06-14T17:24:39Z" user="zebrina-samy" uid="16378798" lat="-15.3558899" lon="28.4697167"/>
 <node id="12915228238" visible="true" version="1" changeset="167622121" timestamp="2025-06-14T17:24:39Z" user="zebrina-samy" uid="16378798" lat="-15.3561188" lon="28.4697701"/>
 <node id="12915228239" visible="true" version="1" changeset="167622121" timestamp="2025-06-14T17:24:39Z" user="zebrina-samy" uid="16378798" lat="-15.3560562" lon="28.4696196"/>
 <node id="12915228240" visible="true" version="1" changeset="167622121" timestamp="2025-06-14T17:24:39Z" user="zebrina-samy" uid="16378798" lat="-15.3559579" lon="28.4695599"/>
 <node id="12915228241" visible="true" version="1" changeset="167622121" timestamp="2025-06-14T17:24:39Z" user="zebrina-samy" uid="16378798" lat="-15.3558447" lon="28.4696129"/>
 <node id="12915228242" visible="true" version="1" changeset="167622121" timestamp="2025-06-14T17:24:39Z" user="zebrina-samy" uid="16378798" lat="-15.3555795" lon="28.4698602"/>
 <node id="12915228243" visible="true" version="1" changeset="167622121" timestamp="2025-06-14T17:24:39Z" user="zebrina-samy" uid="16378798" lat="-15.3560853" lon="28.4698395"/>
 <node id="12915228244" visible="true" version="1" changeset="167622121" timestamp="2025-06-14T17:24:39Z" user="zebrina-samy" uid="16378798" lat="-15.3556559" lon="28.4700380"/>
 <node id="12915228245" visible="true" version="1" changeset="167622121" timestamp="2025-06-14T17:24:39Z" user="zebrina-samy" uid="16378798" lat="-15.3552757" lon="28.4701665"/>
 <node id="12915228246" visible="true" version="1" changeset="167622121" timestamp="2025-06-14T17:24:39Z" user="zebrina-samy" uid="16378798" lat="-15.3553562" lon="28.4700824"/>
 <node id="12915228247" visible="true" version="1" changeset="167622121" timestamp="2025-06-14T17:24:39Z" user="zebrina-samy" uid="16378798" lat="-15.3553658" lon="28.4700813"/>
 <node id="12915228248" visible="true" version="1" changeset="167622121" timestamp="2025-06-14T17:24:39Z" user="zebrina-samy" uid="16378798" lat="-15.3553652" lon="28.4699396"/>
 <node id="12915228249" visible="true" version="1" changeset="167622121" timestamp="2025-06-14T17:24:39Z" user="zebrina-samy" uid="16378798" lat="-15.3554290" lon="28.4699368"/>
 <node id="12915228250" visible="true" version="1" changeset="167622121" timestamp="2025-06-14T17:24:39Z" user="zebrina-samy" uid="16378798" lat="-15.3554348" lon="28.4700783"/>
 <node id="12915228251" visible="true" version="1" changeset="167622121" timestamp="2025-06-14T17:24:39Z" user="zebrina-samy" uid="16378798" lat="-15.3553572" lon="28.4701654"/>
 <node id="12915228252" visible="true" version="1" changeset="167622121" timestamp="2025-06-14T17:24:39Z" user="zebrina-samy" uid="16378798" lat="-15.3552757" lon="28.4701816"/>
 <node id="12915228253" visible="true" version="1" changeset="167622121" timestamp="2025-06-14T17:24:39Z" user="zebrina-samy" uid="16378798" lat="-15.3550908" lon="28.4701815"/>
 <node id="12915228254" visible="true" version="1" changeset="167622121" timestamp="2025-06-14T17:24:39Z" user="zebrina-samy" uid="16378798" lat="-15.3550908" lon="28.4700836"/>
 <node id="12915228255" visible="true" version="1" changeset="167622121" timestamp="2025-06-14T17:24:39Z" user="zebrina-samy" uid="16378798" lat="-15.3550658" lon="28.4700837"/>
 <node id="12915228256" visible="true" version="1" changeset="167622121" timestamp="2025-06-14T17:24:39Z" user="zebrina-samy" uid="16378798" lat="-15.3553658" lon="28.4700824"/>
 <node id="12915228257" visible="true" version="1" changeset="167622121" timestamp="2025-06-14T17:24:39Z" user="zebrina-samy" uid="16378798" lat="-15.3553650" lon="28.4698798"/>
 <node id="12915228258" visible="true" version="1" changeset="167622121" timestamp="2025-06-14T17:24:39Z" user="zebrina-samy" uid="16378798" lat="-15.3550649" lon="28.4698811"/>
 <node id="12915228259" visible="true" version="1" changeset="167622121" timestamp="2025-06-14T17:24:39Z" user="zebrina-samy" uid="16378798" lat="-15.3554725" lon="28.4694440"/>
 <node id="12915228260" visible="true" version="1" changeset="167622121" timestamp="2025-06-14T17:24:39Z" user="zebrina-samy" uid="16378798" lat="-15.3554842" lon="28.4697363"/>
 <node id="12915228261" visible="true" version="1" changeset="167622121" timestamp="2025-06-14T17:24:39Z" user="zebrina-samy" uid="16378798" lat="-15.3550468" lon="28.4697551"/>
 <node id="12915228262" visible="true" version="1" changeset="167622121" timestamp="2025-06-14T17:24:39Z" user="zebrina-samy" uid="16378798" lat="-15.3550352" lon="28.4694627"/>
 <node id="12915538565" visible="true" version="1" changeset="167629080" timestamp="2025-06-14T20:55:39Z" user="charles chilufya" uid="10294659" lat="-15.3569545" lon="28.4712009"/>
 <node id="12915538566" visible="true" version="1" changeset="167629080" timestamp="2025-06-14T20:55:39Z" user="charles chilufya" uid="10294659" lat="-15.3569479" lon="28.4712725"/>
 <node id="12915538567" visible="true" version="1" changeset="167629080" timestamp="2025-06-14T20:55:39Z" user="charles chilufya" uid="10294659" lat="-15.3569128" lon="28.4712690"/>
 <node id="12915538568" visible="true" version="1" changeset="167629080" timestamp="2025-06-14T20:55:39Z" user="charles chilufya" uid="10294659" lat="-15.3569194" lon="28.4711974"/>
 <node id="12915538569" visible="true" version="1" changeset="167629080" timestamp="2025-06-14T20:55:39Z" user="charles chilufya" uid="10294659" lat="-15.3567745" lon="28.4707882"/>
 <node id="12915538570" visible="true" version="1" changeset="167629080" timestamp="2025-06-14T20:55:39Z" user="charles chilufya" uid="10294659" lat="-15.3567720" lon="28.4708159"/>
 <node id="12915538571" visible="true" version="1" changeset="167629080" timestamp="2025-06-14T20:55:39Z" user="charles chilufya" uid="10294659" lat="-15.3567468" lon="28.4708134"/>
 <node id="12915538572" visible="true" version="1" changeset="167629080" timestamp="2025-06-14T20:55:39Z" user="charles chilufya" uid="10294659" lat="-15.3567494" lon="28.4707857"/>
 <node id="12915538573" visible="true" version="1" changeset="167629080" timestamp="2025-06-14T20:55:39Z" user="charles chilufya" uid="10294659" lat="-15.3567825" lon="28.4706846"/>
 <node id="12915538574" visible="true" version="1" changeset="167629080" timestamp="2025-06-14T20:55:39Z" user="charles chilufya" uid="10294659" lat="-15.3567772" lon="28.4707421"/>
 <node id="12915538575" visible="true" version="1" changeset="167629080" timestamp="2025-06-14T20:55:39Z" user="charles chilufya" uid="10294659" lat="-15.3567421" lon="28.4707386"/>
 <node id="12915538576" visible="true" version="1" changeset="167629080" timestamp="2025-06-14T20:55:39Z" user="charles chilufya" uid="10294659" lat="-15.3567474" lon="28.4706811"/>
 <node id="12915538591" visible="true" version="1" changeset="167629080" timestamp="2025-06-14T20:55:39Z" user="charles chilufya" uid="10294659" lat="-15.3567005" lon="28.4713343"/>
 <node id="12915538592" visible="true" version="1" changeset="167629080" timestamp="2025-06-14T20:55:39Z" user="charles chilufya" uid="10294659" lat="-15.3566963" lon="28.4713798"/>
 <node id="12915538593" visible="true" version="1" changeset="167629080" timestamp="2025-06-14T20:55:39Z" user="charles chilufya" uid="10294659" lat="-15.3566747" lon="28.4713776"/>
 <node id="12915538594" visible="true" version="1" changeset="167629080" timestamp="2025-06-14T20:55:39Z" user="charles chilufya" uid="10294659" lat="-15.3566789" lon="28.4713322"/>
 <node id="12915538595" visible="true" version="1" changeset="167629080" timestamp="2025-06-14T20:55:39Z" user="charles chilufya" uid="10294659" lat="-15.3567188" lon="28.4711256"/>
 <node id="12915538596" visible="true" version="1" changeset="167629080" timestamp="2025-06-14T20:55:39Z" user="charles chilufya" uid="10294659" lat="-15.3567144" lon="28.4711726"/>
 <node id="12915538597" visible="true" version="1" changeset="167629080" timestamp="2025-06-14T20:55:39Z" user="charles chilufya" uid="10294659" lat="-15.3566745" lon="28.4711686"/>
 <node id="12915538598" visible="true" version="1" changeset="167629080" timestamp="2025-06-14T20:55:39Z" user="charles chilufya" uid="10294659" lat="-15.3566789" lon="28.4711216"/>
 <node id="12915538599" visible="true" version="1" changeset="167629080" timestamp="2025-06-14T20:55:39Z" user="charles chilufya" uid="10294659" lat="-15.3566904" lon="28.4710659"/>
 <node id="12915538600" visible="true" version="1" changeset="167629080" timestamp="2025-06-14T20:55:39Z" user="charles chilufya" uid="10294659" lat="-15.3567349" lon="28.4710703"/>
 <node id="12915539117" visible="true" version="1" changeset="167628527" timestamp="2025-06-14T20:35:17Z" user="charles chilufya" uid="10294659" lat="-15.3569080" lon="28.4669466"/>
 <node id="12915539118" visible="true" version="1" changeset="167628527" timestamp="2025-06-14T20:35:17Z" user="charles chilufya" uid="10294659" lat="-15.3569071" lon="28.4669803"/>
 <node id="12915539119" visible="true" version="1" changeset="167628527" timestamp="2025-06-14T20:35:17Z" user="charles chilufya" uid="10294659" lat="-15.3568623" lon="28.4669791"/>
 <node id="12915539120" visible="true" version="1" changeset="167628527" timestamp="2025-06-14T20:35:17Z" user="charles chilufya" uid="10294659" lat="-15.3568632" lon="28.4669454"/>
 <node id="12915539121" visible="true" version="1" changeset="167628527" timestamp="2025-06-14T20:35:17Z" user="charles chilufya" uid="10294659" lat="-15.3569962" lon="28.4669194"/>
 <node id="12915539122" visible="true" version="1" changeset="167628527" timestamp="2025-06-14T20:35:17Z" user="charles chilufya" uid="10294659" lat="-15.3569944" lon="28.4669904"/>
 <node id="12915539123" visible="true" version="1" changeset="167628527" timestamp="2025-06-14T20:35:17Z" user="charles chilufya" uid="10294659" lat="-15.3569170" lon="28.4669883"/>
 <node id="12915539124" visible="true" version="1" changeset="167628527" timestamp="2025-06-14T20:35:17Z" user="charles chilufya" uid="10294659" lat="-15.3569188" lon="28.4669173"/>
 <node id="12915539125" visible="true" version="1" changeset="167628527" timestamp="2025-06-14T20:35:17Z" user="charles chilufya" uid="10294659" lat="-15.3570533" lon="28.4679691"/>
 <node id="12915539126" visible="true" version="1" changeset="167628527" timestamp="2025-06-14T20:35:17Z" user="charles chilufya" uid="10294659" lat="-15.3570516" lon="28.4680351"/>
 <node id="12915539127" visible="true" version="1" changeset="167628527" timestamp="2025-06-14T20:35:17Z" user="charles chilufya" uid="10294659" lat="-15.3570245" lon="28.4680344"/>
 <node id="12915539128" visible="true" version="1" changeset="167628527" timestamp="2025-06-14T20:35:17Z" user="charles chilufya" uid="10294659" lat="-15.3570261" lon="28.4679684"/>
 <node id="12915539129" visible="true" version="1" changeset="167628527" timestamp="2025-06-14T20:35:17Z" user="charles chilufya" uid="10294659" lat="-15.3570620" lon="28.4679379"/>
 <node id="12915539130" visible="true" version="1" changeset="167628527" timestamp="2025-06-14T20:35:17Z" user="charles chilufya" uid="10294659" lat="-15.3570613" lon="28.4679630"/>
 <node id="12915539131" visible="true" version="1" changeset="167628527" timestamp="2025-06-14T20:35:17Z" user="charles chilufya" uid="10294659" lat="-15.3570216" lon="28.4679619"/>
 <node id="12915539132" visible="true" version="1" changeset="167628527" timestamp="2025-06-14T20:35:17Z" user="charles chilufya" uid="10294659" lat="-15.3570222" lon="28.4679369"/>
 <node id="12915539133" visible="true" version="1" changeset="167628527" timestamp="2025-06-14T20:35:17Z" user="charles chilufya" uid="10294659" lat="-15.3570635" lon="28.4678974"/>
 <node id="12915539134" visible="true" version="1" changeset="167628527" timestamp="2025-06-14T20:35:17Z" user="charles chilufya" uid="10294659" lat="-15.3570641" lon="28.4678750"/>
 <node id="12915539135" visible="true" version="1" changeset="167628527" timestamp="2025-06-14T20:35:17Z" user="charles chilufya" uid="10294659" lat="-15.3570364" lon="28.4678742"/>
 <node id="12915539136" visible="true" version="1" changeset="167628527" timestamp="2025-06-14T20:35:17Z" user="charles chilufya" uid="10294659" lat="-15.3570358" lon="28.4678966"/>
 <node id="12915539137" visible="true" version="1" changeset="167628527" timestamp="2025-06-14T20:35:17Z" user="charles chilufya" uid="10294659" lat="-15.3570417" lon="28.4678721"/>
 <node id="12915539138" visible="true" version="1" changeset="167628527" timestamp="2025-06-14T20:35:17Z" user="charles chilufya" uid="10294659" lat="-15.3570424" lon="28.4678475"/>
 <node id="12915539139" visible="true" version="1" changeset="167628527" timestamp="2025-06-14T20:35:17Z" user="charles chilufya" uid="10294659" lat="-15.3570669" lon="28.4678209"/>
 <node id="12915539140" visible="true" version="1" changeset="167628527" timestamp="2025-06-14T20:35:17Z" user="charles chilufya" uid="10294659" lat="-15.3570656" lon="28.4678727"/>
 <node id="12915539141" visible="true" version="1" changeset="167628527" timestamp="2025-06-14T20:35:17Z" user="charles chilufya" uid="10294659" lat="-15.3570253" lon="28.4678470"/>
 <node id="12915539142" visible="true" version="1" changeset="167628527" timestamp="2025-06-14T20:35:17Z" user="charles chilufya" uid="10294659" lat="-15.3570260" lon="28.4678198"/>
 <node id="12915542277" visible="true" version="1" changeset="167628527" timestamp="2025-06-14T20:35:17Z" user="charles chilufya" uid="10294659" lat="-15.3568265" lon="28.4669682"/>
 <node id="12915542278" visible="true" version="1" changeset="167628527" timestamp="2025-06-14T20:35:17Z" user="charles chilufya" uid="10294659" lat="-15.3568527" lon="28.4669689"/>
 <node id="12915542279" visible="true" version="1" changeset="167628527" timestamp="2025-06-14T20:35:17Z" user="charles chilufya" uid="10294659" lat="-15.3568541" lon="28.4669106"/>
 <node id="12915542280" visible="true" version="1" changeset="167628527" timestamp="2025-06-14T20:35:17Z" user="charles chilufya" uid="10294659" lat="-15.3568279" lon="28.4669099"/>
 <node id="12915542281" visible="true" version="1" changeset="167628527" timestamp="2025-06-14T20:35:17Z" user="charles chilufya" uid="10294659" lat="-15.3567602" lon="28.4669658"/>
 <node id="12915542282" visible="true" version="1" changeset="167628527" timestamp="2025-06-14T20:35:17Z" user="charles chilufya" uid="10294659" lat="-15.3568184" lon="28.4669671"/>
 <node id="12915542283" visible="true" version="1" changeset="167628527" timestamp="2025-06-14T20:35:17Z" user="charles chilufya" uid="10294659" lat="-15.3568198" lon="28.4668985"/>
 <node id="12915542284" visible="true" version="1" changeset="167628527" timestamp="2025-06-14T20:35:17Z" user="charles chilufya" uid="10294659" lat="-15.3567616" lon="28.4668972"/>
 <node id="12915562001" visible="true" version="1" changeset="167629080" timestamp="2025-06-14T20:55:39Z" user="charles chilufya" uid="10294659" lat="-15.3567398" lon="28.4710178"/>
 <node id="12915562002" visible="true" version="1" changeset="167629080" timestamp="2025-06-14T20:55:39Z" user="charles chilufya" uid="10294659" lat="-15.3566952" lon="28.4710134"/>
 <node id="12915562156" visible="true" version="1" changeset="167629080" timestamp="2025-06-14T20:55:39Z" user="charles chilufya" uid="10294659" lat="-15.3561853" lon="28.4709753"/>
 <node id="12915562157" visible="true" version="1" changeset="167629080" timestamp="2025-06-14T20:55:39Z" user="charles chilufya" uid="10294659" lat="-15.3563237" lon="28.4709793"/>
 <node id="12915562158" visible="true" version="1" changeset="167629080" timestamp="2025-06-14T20:55:39Z" user="charles chilufya" uid="10294659" lat="-15.3563284" lon="28.4708051"/>
 <node id="12915562159" visible="true" version="1" changeset="167629080" timestamp="2025-06-14T20:55:39Z" user="charles chilufya" uid="10294659" lat="-15.3561900" lon="28.4708011"/>
 <node id="12915562164" visible="true" version="2" changeset="189627903" timestamp="2026-09-27T12:32:13Z" user="Mwauluka" uid="24542069" lat="-15.3561836" lon="28.4707391"/>
 <node id="12915562165" visible="true" version="1" changeset="167629080" timestamp="2025-06-14T20:55:39Z" user="charles chilufya" uid="10294659" lat="-15.3563629" lon="28.4705917"/>
 <node id="12915562166" visible="true" version="2" changeset="189627903" timestamp="2026-09-27T12:32:13Z" user="Mwauluka" uid="24542069" lat="-15.3563694" lon="28.4704330"/>
 <node id="12915562167" visible="true" version="2" changeset="189627903" timestamp="2026-09-27T12:32:13Z" user="Mwauluka" uid="24542069" lat="-15.3562098" lon="28.4704253"/>
 <node id="12954705880" visible="true" version="1" changeset="168151945" timestamp="2025-06-26T17:59:32Z" user="Aqu@rius" uid="13040649" lat="-15.3554477" lon="28.4697939"/>
 <node id="12954705881" visible="true" version="1" changeset="168151945" timestamp="2025-06-26T17:59:32Z" user="Aqu@rius" uid="13040649" lat="-15.3554387" lon="28.4701426"/>
 <node id="13077560235" visible="true" version="1" changeset="170600110" timestamp="2025-08-18T07:32:47Z" user="ftcat" uid="4136766" lat="-15.3586060" lon="28.4415210"/>
 <node id="13077560249" visible="true" version="1" changeset="170600110" timestamp="2025-08-18T07:32:47Z" user="ftcat" uid="4136766" lat="-15.3625681" lon="28.4317676"/>
 <node id="13077560250" visible="true" version="1" changeset="170600110" timestamp="2025-08-18T07:32:47Z" user="ftcat" uid="4136766" lat="-15.3623245" lon="28.4322784"/>
 <node id="13077560253" visible="true" version="1" changeset="170600110" timestamp="2025-08-18T07:32:47Z" user="ftcat" uid="4136766" lat="-15.3619945" lon="28.4329709"/>
 <node id="13086593530" visible="true" version="1" changeset="170771792" timestamp="2025-08-21T10:47:54Z" user="PRISCOVIA12" uid="12176699" lat="-15.3619310" lon="28.4331042"/>
 <node id="13766480702" visible="true" version="1" changeset="181885756" timestamp="2026-04-27T11:19:41Z" user="ArinosRiver" uid="22435611" lat="-15.3535383" lon="28.4872446"/>
 <node id="13766480703" visible="true" version="1" changeset="181885756" timestamp="2026-04-27T11:19:41Z" user="ArinosRiver" uid="22435611" lat="-15.3537715" lon="28.4866234"/>
 <node id="13766480704" visible="true" version="1" changeset="181885756" timestamp="2026-04-27T11:19:41Z" user="ArinosRiver" uid="22435611" lat="-15.3539911" lon="28.4860237"/>
 <node id="13769768178" visible="true" version="1" changeset="181929386" timestamp="2026-04-28T09:15:34Z" user="ftcat" uid="4136766" lat="-15.3502215" lon="28.4963425"/>
 <node id="14173090457" visible="true" version="1" changeset="188867623" timestamp="2026-09-11T11:39:28Z" user="Mwauluka" uid="24542069" lat="-15.3553999" lon="28.4706441"/>
 <node id="14173090458" visible="true" version="1" changeset="188867623" timestamp="2026-09-11T11:39:28Z" user="Mwauluka" uid="24542069" lat="-15.3554897" lon="28.4706456"/>
 <node id="14173090459" visible="true" version="1" changeset="188867623" timestamp="2026-09-11T11:39:28Z" user="Mwauluka" uid="24542069" lat="-15.3554726" lon="28.4708778"/>
 <node id="14173090460" visible="true" version="1" changeset="188867623" timestamp="2026-09-11T11:39:28Z" user="Mwauluka" uid="24542069" lat="-15.3553828" lon="28.4708719"/>
 <node id="14173120097" visible="true" version="1" changeset="188868584" timestamp="2026-09-11T12:02:21Z" user="Mwauluka" uid="24542069" lat="-15.3534073" lon="28.4686046"/>
 <node id="14173120098" visible="true" version="1" changeset="188868584" timestamp="2026-09-11T12:02:21Z" user="Mwauluka" uid="24542069" lat="-15.3535208" lon="28.4668856"/>
 <node id="14173120099" visible="true" version="1" changeset="188868584" timestamp="2026-09-11T12:02:21Z" user="Mwauluka" uid="24542069" lat="-15.3541573" lon="28.4669281"/>
 <node id="14173120100" visible="true" version="1" changeset="188868584" timestamp="2026-09-11T12:02:21Z" user="Mwauluka" uid="24542069" lat="-15.3541164" lon="28.4686471"/>
 <node id="14173129183" visible="true" version="1" changeset="188868771" timestamp="2026-09-11T12:06:00Z" user="Mwauluka" uid="24542069" lat="-15.3557752" lon="28.4703333"/>
 <node id="14173129184" visible="true" version="1" changeset="188868771" timestamp="2026-09-11T12:06:00Z" user="Mwauluka" uid="24542069" lat="-15.3559296" lon="28.4702536"/>
 <node id="14173134275" visible="true" version="1" changeset="188868850" timestamp="2026-09-11T12:07:48Z" user="Mwauluka" uid="24542069" lat="-15.3565062" lon="28.4693894">
  <tag k="barrier" v="gate"/>
 </node>
 <node id="14173134280" visible="true" version="1" changeset="188869666" timestamp="2026-09-11T12:22:40Z" user="Mwauluka" uid="24542069" lat="-15.3534320" lon="28.4668484"/>
 <node id="14173134281" visible="true" version="1" changeset="188869666" timestamp="2026-09-11T12:22:40Z" user="Mwauluka" uid="24542069" lat="-15.3529952" lon="28.4711082"/>
 <node id="14173134282" visible="true" version="1" changeset="188869666" timestamp="2026-09-11T12:22:40Z" user="Mwauluka" uid="24542069" lat="-15.3565752" lon="28.4714092"/>
 <node id="14173134283" visible="true" version="1" changeset="188869666" timestamp="2026-09-11T12:22:40Z" user="Mwauluka" uid="24542069" lat="-15.3570150" lon="28.4671190"/>
 <node id="14173134420" visible="true" version="1" changeset="188868289" timestamp="2026-09-11T11:55:34Z" user="Mwauluka" uid="24542069" lat="-15.3550456" lon="28.4688778"/>
 <node id="14173134421" visible="true" version="1" changeset="188868289" timestamp="2026-09-11T11:55:34Z" user="Mwauluka" uid="24542069" lat="-15.3552924" lon="28.4688634"/>
 <node id="14173134422" visible="true" version="1" changeset="188868289" timestamp="2026-09-11T11:55:34Z" user="Mwauluka" uid="24542069" lat="-15.3553042" lon="28.4691909"/>
 <node id="14173134423" visible="true" version="1" changeset="188868289" timestamp="2026-09-11T11:55:34Z" user="Mwauluka" uid="24542069" lat="-15.3550614" lon="28.4692094"/>
 <node id="14173134424" visible="true" version="1" changeset="188868289" timestamp="2026-09-11T11:55:34Z" user="Mwauluka" uid="24542069" lat="-15.3550496" lon="28.4690088"/>
 <node id="14211405646" visible="true" version="1" changeset="189485246" timestamp="2026-09-24T08:58:10Z" user="Mwauluka" uid="24542069" lat="-15.3552934" lon="28.4677689"/>
 <node id="14211405647" visible="true" version="1" changeset="189485246" timestamp="2026-09-24T08:58:10Z" user="Mwauluka" uid="24542069" lat="-15.3548887" lon="28.4709527"/>
 <node id="14211405648" visible="true" version="1" changeset="189485246" timestamp="2026-09-24T08:58:10Z" user="Mwauluka" uid="24542069" lat="-15.3552011" lon="28.4709698"/>
 <node id="14211405649" visible="true" version="1" changeset="189485246" timestamp="2026-09-24T08:58:10Z" user="Mwauluka" uid="24542069" lat="-15.3552011" lon="28.4711569"/>
 <node id="14211405650" visible="true" version="1" changeset="189485246" timestamp="2026-09-24T08:58:10Z" user="Mwauluka" uid="24542069" lat="-15.3548751" lon="28.4711458"/>
 <node id="14211405651" visible="true" version="1" changeset="189485246" timestamp="2026-09-24T08:58:10Z" user="Mwauluka" uid="24542069" lat="-15.3551828" lon="28.4692002"/>
 <node id="14211405652" visible="true" version="1" changeset="189485246" timestamp="2026-09-24T08:58:10Z" user="Mwauluka" uid="24542069" lat="-15.3557494" lon="28.4685193"/>
 <node id="14211405653" visible="true" version="1" changeset="189485246" timestamp="2026-09-24T08:58:10Z" user="Mwauluka" uid="24542069" lat="-15.3563099" lon="28.4685470"/>
 <node id="14211405654" visible="true" version="1" changeset="189485246" timestamp="2026-09-24T08:58:10Z" user="Mwauluka" uid="24542069" lat="-15.3563039" lon="28.4689314"/>
 <node id="14211405655" visible="true" version="1" changeset="189485246" timestamp="2026-09-24T08:58:10Z" user="Mwauluka" uid="24542069" lat="-15.3560281" lon="28.4689714"/>
 <node id="14211405656" visible="true" version="1" changeset="189485246" timestamp="2026-09-24T08:58:10Z" user="Mwauluka" uid="24542069" lat="-15.3559836" lon="28.4691744"/>
 <node id="14211405657" visible="true" version="1" changeset="189485246" timestamp="2026-09-24T08:58:10Z" user="Mwauluka" uid="24542069" lat="-15.3557434" lon="28.4691651"/>
 <node id="14211405658" visible="true" version="1" changeset="189485246" timestamp="2026-09-24T08:58:10Z" user="Mwauluka" uid="24542069" lat="-15.3542700" lon="28.4679344"/>
 <node id="14211405659" visible="true" version="1" changeset="189485246" timestamp="2026-09-24T08:58:10Z" user="Mwauluka" uid="24542069" lat="-15.3550124" lon="28.4679979"/>
 <node id="14211405660" visible="true" version="1" changeset="189485246" timestamp="2026-09-24T08:58:10Z" user="Mwauluka" uid="24542069" lat="-15.3550698" lon="28.4670098"/>
 <node id="14211405661" visible="true" version="1" changeset="189485246" timestamp="2026-09-24T08:58:10Z" user="Mwauluka" uid="24542069" lat="-15.3543518" lon="28.4669179"/>
 <node id="14222124075" visible="true" version="1" changeset="189627903" timestamp="2026-09-27T12:32:13Z" user="Mwauluka" uid="24542069" lat="-15.3549606" lon="28.4707664"/>
 <node id="14222124076" visible="true" version="1" changeset="189627903" timestamp="2026-09-27T12:32:13Z" user="Mwauluka" uid="24542069" lat="-15.3551646" lon="28.4707740"/>
 <node id="14222124077" visible="true" version="1" changeset="189627903" timestamp="2026-09-27T12:32:13Z" user="Mwauluka" uid="24542069" lat="-15.3551636" lon="28.4708968"/>
 <node id="14222124078" visible="true" version="1" changeset="189627903" timestamp="2026-09-27T12:32:13Z" user="Mwauluka" uid="24542069" lat="-15.3549522" lon="28.4708924"/>
 <node id="14222124079" visible="true" version="1" changeset="189627903" timestamp="2026-09-27T12:32:13Z" user="Mwauluka" uid="24542069" lat="-15.3549194" lon="28.4705154"/>
 <node id="14222124080" visible="true" version="1" changeset="189627903" timestamp="2026-09-27T12:32:13Z" user="Mwauluka" uid="24542069" lat="-15.3552534" lon="28.4705340"/>
 <node id="14222124081" visible="true" version="1" changeset="189627903" timestamp="2026-09-27T12:32:13Z" user="Mwauluka" uid="24542069" lat="-15.3552502" lon="28.4707192"/>
 <node id="14222124082" visible="true" version="1" changeset="189627903" timestamp="2026-09-27T12:32:13Z" user="Mwauluka" uid="24542069" lat="-15.3549067" lon="28.4707072"/>
 <node id="14222124083" visible="true" version="1" changeset="189627903" timestamp="2026-09-27T12:32:13Z" user="Mwauluka" uid="24542069" lat="-15.3555727" lon="28.4706644"/>
 <node id="14222124084" visible="true" version="1" changeset="189627903" timestamp="2026-09-27T12:32:13Z" user="Mwauluka" uid="24542069" lat="-15.3556144" lon="28.4706659"/>
 <node id="14222124085" visible="true" version="1" changeset="189627903" timestamp="2026-09-27T12:32:13Z" user="Mwauluka" uid="24542069" lat="-15.3556201" lon="28.4705988"/>
 <node id="14222124086" visible="true" version="1" changeset="189627903" timestamp="2026-09-27T12:32:13Z" user="Mwauluka" uid="24542069" lat="-15.3556833" lon="28.4706033"/>
 <node id="14222124087" visible="true" version="1" changeset="189627903" timestamp="2026-09-27T12:32:13Z" user="Mwauluka" uid="24542069" lat="-15.3556546" lon="28.4709162"/>
 <node id="14222124088" visible="true" version="1" changeset="189627903" timestamp="2026-09-27T12:32:13Z" user="Mwauluka" uid="24542069" lat="-15.3555856" lon="28.4709058"/>
 <node id="14222124089" visible="true" version="1" changeset="189627903" timestamp="2026-09-27T12:32:13Z" user="Mwauluka" uid="24542069" lat="-15.3555914" lon="28.4708462"/>
 <node id="14222124090" visible="true" version="1" changeset="189627903" timestamp="2026-09-27T12:32:13Z" user="Mwauluka" uid="24542069" lat="-15.3555583" lon="28.4708402"/>
 <node id="14222124091" visible="true" version="1" changeset="189627903" timestamp="2026-09-27T12:32:13Z" user="Mwauluka" uid="24542069" lat="-15.3560526" lon="28.4705347"/>
 <node id="14222124092" visible="true" version="1" changeset="189627903" timestamp="2026-09-27T12:32:13Z" user="Mwauluka" uid="24542069" lat="-15.3560253" lon="28.4709937"/>
 <node id="14222124093" visible="true" version="1" changeset="189627903" timestamp="2026-09-27T12:32:13Z" user="Mwauluka" uid="24542069" lat="-15.3559808" lon="28.4709922"/>
 <node id="14222124094" visible="true" version="1" changeset="189627903" timestamp="2026-09-27T12:32:13Z" user="Mwauluka" uid="24542069" lat="-15.3559779" lon="28.4711144"/>
 <node id="14222124095" visible="true" version="1" changeset="189627903" timestamp="2026-09-27T12:32:13Z" user="Mwauluka" uid="24542069" lat="-15.3558874" lon="28.4711054"/>
 <node id="14222124096" visible="true" version="1" changeset="189627903" timestamp="2026-09-27T12:32:13Z" user="Mwauluka" uid="24542069" lat="-15.3558874" lon="28.4711486"/>
 <node id="14222124097" visible="true" version="1" changeset="189627903" timestamp="2026-09-27T12:32:13Z" user="Mwauluka" uid="24542069" lat="-15.3556963" lon="28.4711293"/>
 <node id="14222124098" visible="true" version="1" changeset="189627903" timestamp="2026-09-27T12:32:13Z" user="Mwauluka" uid="24542069" lat="-15.3556905" lon="28.4710712"/>
 <node id="14222124099" visible="true" version="1" changeset="189627903" timestamp="2026-09-27T12:32:13Z" user="Mwauluka" uid="24542069" lat="-15.3556446" lon="28.4710697"/>
 <node id="14222124100" visible="true" version="1" changeset="189627903" timestamp="2026-09-27T12:32:13Z" user="Mwauluka" uid="24542069" lat="-15.3556934" lon="28.4705392"/>
 <node id="14222243201" visible="true" version="1" changeset="189627903" timestamp="2026-09-27T12:32:13Z" user="Mwauluka" uid="24542069" lat="-15.3556647" lon="28.4705377"/>
 <node id="14222243202" visible="true" version="1" changeset="189627903" timestamp="2026-09-27T12:32:13Z" user="Mwauluka" uid="24542069" lat="-15.3556733" lon="28.4704513"/>
 <node id="14222243203" visible="true" version="1" changeset="189627903" timestamp="2026-09-27T12:32:13Z" user="Mwauluka" uid="24542069" lat="-15.3557466" lon="28.4704498"/>
 <node id="14222243204" visible="true" version="1" changeset="189627903" timestamp="2026-09-27T12:32:13Z" user="Mwauluka" uid="24542069" lat="-15.3559606" lon="28.4704367"/>
 <node id="14222243205" visible="true" version="1" changeset="189627903" timestamp="2026-09-27T12:32:13Z" user="Mwauluka" uid="24542069" lat="-15.3558472" lon="28.4707746">
  <tag k="alt_name" v="Sports Hall"/>
  <tag k="amenity" v="auditorium"/>
  <tag k="indoor" v="room"/>
  <tag k="name" v="Auditorium"/>
 </node>
 <node id="14222243206" visible="true" version="1" changeset="189627903" timestamp="2026-09-27T12:32:13Z" user="Mwauluka" uid="24542069" lat="-15.3543670" lon="28.4682845">
  <tag k="amenity" v="place_of_worship"/>
  <tag k="name" v="Chapel"/>
 </node>
 <node id="14222243207" visible="true" version="1" changeset="189627903" timestamp="2026-09-27T12:32:13Z" user="Mwauluka" uid="24542069" lat="-15.3561642" lon="28.4709945"/>
 <node id="14222243208" visible="true" version="1" changeset="189627903" timestamp="2026-09-27T12:32:13Z" user="Mwauluka" uid="24542069" lat="-15.3563254" lon="28.4710067"/>
 <node id="14222243209" visible="true" version="1" changeset="189627903" timestamp="2026-09-27T12:32:13Z" user="Mwauluka" uid="24542069" lat="-15.3562935" lon="28.4713427"/>
 <node id="14222243210" visible="true" version="1" changeset="189627903" timestamp="2026-09-27T12:32:13Z" user="Mwauluka" uid="24542069" lat="-15.3561340" lon="28.4713218"/>
 <node id="14222243211" visible="true" version="1" changeset="189627903" timestamp="2026-09-27T12:32:13Z" user="Mwauluka" uid="24542069" lat="-15.3561038" lon="28.4712853"/>
 <node id="14222243212" visible="true" version="1" changeset="189627903" timestamp="2026-09-27T12:32:13Z" user="Mwauluka" uid="24542069" lat="-15.3560618" lon="28.4712818"/>
 <node id="14222243213" visible="true" version="1" changeset="189627903" timestamp="2026-09-27T12:32:13Z" user="Mwauluka" uid="24542069" lat="-15.3560685" lon="28.4711982"/>
 <node id="14222243214" visible="true" version="1" changeset="189627903" timestamp="2026-09-27T12:32:13Z" user="Mwauluka" uid="24542069" lat="-15.3561105" lon="28.4712000"/>
 <node id="14222243215" visible="true" version="1" changeset="189627903" timestamp="2026-09-27T12:32:13Z" user="Mwauluka" uid="24542069" lat="-15.3561105" lon="28.4711024"/>
 <node id="14222243216" visible="true" version="1" changeset="189627903" timestamp="2026-09-27T12:32:13Z" user="Mwauluka" uid="24542069" lat="-15.3561525" lon="28.4710990"/>
 <node id="14222243217" visible="true" version="1" changeset="189627903" timestamp="2026-09-27T12:32:13Z" user="Mwauluka" uid="24542069" lat="-15.3562787" lon="28.4707458"/>
 <node id="14222243218" visible="true" version="1" changeset="189627903" timestamp="2026-09-27T12:32:13Z" user="Mwauluka" uid="24542069" lat="-15.3563437" lon="28.4707548"/>
 <node id="14222243219" visible="true" version="1" changeset="189627903" timestamp="2026-09-27T12:32:13Z" user="Mwauluka" uid="24542069" lat="-15.3561415" lon="28.4705358"/>
 <node id="14222243220" visible="true" version="1" changeset="189627903" timestamp="2026-09-27T12:32:13Z" user="Mwauluka" uid="24542069" lat="-15.3561533" lon="28.4704771"/>
 <way id="28612807" visible="true" version="113" changeset="181929386" timestamp="2026-04-28T09:15:34Z" user="ftcat" uid="4136766">
  <nd ref="9950056005"/>
  <nd ref="7840508272"/>
  <nd ref="7840508253"/>
  <nd ref="7840508228"/>
  <nd ref="7840508195"/>
  <nd ref="10752727086"/>
  <nd ref="313020420"/>
  <nd ref="7840484039"/>
  <nd ref="7840333430"/>
  <nd ref="313020419"/>
  <nd ref="2921940841"/>
  <nd ref="313020418"/>
  <nd ref="7840484056"/>
  <nd ref="2921940964"/>
  <nd ref="2921940910"/>
  <nd ref="313020417"/>
  <nd ref="6457139796"/>
  <nd ref="6427658371"/>
  <nd ref="2921940840"/>
  <nd ref="2921940810"/>
  <nd ref="2921940930"/>
  <nd ref="313020416"/>
  <nd ref="6070107425"/>
  <nd ref="10752697741"/>
  <nd ref="6427658372"/>
  <nd ref="313020415"/>
  <nd ref="313020414"/>
  <nd ref="6298752387"/>
  <nd ref="313020413"/>
  <nd ref="6427658373"/>
  <nd ref="10766494925"/>
  <nd ref="313020412"/>
  <nd ref="6437868742"/>
  <nd ref="313020411"/>
  <nd ref="6427658374"/>
  <nd ref="313020410"/>
  <nd ref="6437868743"/>
  <nd ref="2921940887"/>
  <nd ref="6427658375"/>
  <nd ref="313020409"/>
  <nd ref="10752679525"/>
  <nd ref="6427658376"/>
  <nd ref="5831493344"/>
  <nd ref="313020408"/>
  <nd ref="5831493341"/>
  <nd ref="10230935729"/>
  <nd ref="313020407"/>
  <nd ref="6132594675"/>
  <nd ref="11117019747"/>
  <nd ref="9167667402"/>
  <nd ref="5917143036"/>
  <nd ref="6281023686"/>
  <nd ref="11117019841"/>
  <nd ref="7840514874"/>
  <nd ref="6295652635"/>
  <nd ref="13769768178"/>
  <nd ref="9167651487"/>
  <nd ref="9167651490"/>
  <nd ref="9167620571"/>
  <nd ref="6132619202"/>
  <nd ref="6289316119"/>
  <nd ref="6289300375"/>
  <nd ref="13766480702"/>
  <nd ref="13766480703"/>
  <nd ref="6427658378"/>
  <nd ref="13766480704"/>
  <nd ref="6289288136"/>
  <nd ref="6135036919"/>
  <nd ref="6288321661"/>
  <nd ref="6289263667"/>
  <nd ref="6289279050"/>
  <nd ref="6289288316"/>
  <nd ref="6289263663"/>
  <nd ref="2921940822"/>
  <nd ref="6289263666"/>
  <nd ref="6289263664"/>
  <nd ref="313020403"/>
  <nd ref="6289263665"/>
  <nd ref="6130757000"/>
  <nd ref="2921940863"/>
  <nd ref="9167638499"/>
  <nd ref="11750117733"/>
  <nd ref="6130813456"/>
  <nd ref="9167638504"/>
  <nd ref="9167638514"/>
  <nd ref="6130756358"/>
  <nd ref="6130756997"/>
  <nd ref="1237218640"/>
  <nd ref="9575598424"/>
  <nd ref="9167642015"/>
  <nd ref="6130810468"/>
  <nd ref="6130810439"/>
  <nd ref="10978427412"/>
  <nd ref="6132642399"/>
  <nd ref="10978427418"/>
  <nd ref="6132656744"/>
  <nd ref="6132755559"/>
  <nd ref="6132642410"/>
  <nd ref="6301075716"/>
  <nd ref="6437868745"/>
  <nd ref="313020400"/>
  <nd ref="6301075717"/>
  <nd ref="6137608246"/>
  <nd ref="313020399"/>
  <nd ref="6304092962"/>
  <nd ref="6137608247"/>
  <nd ref="6301075718"/>
  <nd ref="6137616321"/>
  <nd ref="6301075719"/>
  <nd ref="6301075715"/>
  <nd ref="313020398"/>
  <nd ref="6437868746"/>
  <nd ref="6301075720"/>
  <nd ref="1649890926"/>
  <nd ref="6301075527"/>
  <nd ref="6301340070"/>
  <nd ref="1649890927"/>
  <nd ref="6301340188"/>
  <nd ref="313020397"/>
  <nd ref="6301340189"/>
  <nd ref="6301340190"/>
  <nd ref="6301340191"/>
  <nd ref="6301340192"/>
  <nd ref="13077560235"/>
  <nd ref="6437868747"/>
  <nd ref="6437868748"/>
  <nd ref="313020396"/>
  <nd ref="6301340193"/>
  <nd ref="1649890928"/>
  <nd ref="6290953107"/>
  <nd ref="6290953108"/>
  <nd ref="6290953109"/>
  <nd ref="6290953110"/>
  <nd ref="6133003740"/>
  <nd ref="3669879730"/>
  <nd ref="6290953106"/>
  <nd ref="313020395"/>
  <nd ref="3669879726"/>
  <nd ref="6133003685"/>
  <nd ref="12895953313"/>
  <nd ref="6133063308"/>
  <nd ref="13086593530"/>
  <nd ref="13077560253"/>
  <nd ref="13077560250"/>
  <nd ref="13077560249"/>
  <nd ref="6295615704"/>
  <nd ref="6295615496"/>
  <nd ref="6295615705"/>
  <nd ref="6300863596"/>
  <nd ref="6295615706"/>
  <nd ref="313020394"/>
  <nd ref="6295615707"/>
  <nd ref="917982402"/>
  <nd ref="12899341005"/>
  <nd ref="6295615708"/>
  <nd ref="12899261472"/>
  <nd ref="9211723202"/>
  <nd ref="12899319397"/>
  <nd ref="9211723205"/>
  <nd ref="12899319399"/>
  <nd ref="6300863515"/>
  <nd ref="12899341003"/>
  <nd ref="6295615709"/>
  <nd ref="6295615710"/>
  <nd ref="6295615711"/>
  <nd ref="308959187"/>
  <nd ref="6295615712"/>
  <nd ref="12904024431"/>
  <nd ref="6295615713"/>
  <nd ref="4523255074"/>
  <nd ref="6295615491"/>
  <nd ref="4494368797"/>
  <nd ref="1237218764"/>
  <nd ref="5831502865"/>
  <nd ref="6295615714"/>
  <nd ref="6295615715"/>
  <nd ref="6280812317"/>
  <nd ref="6280812310"/>
  <nd ref="6280812318"/>
  <nd ref="6437868750"/>
  <nd ref="1649890932"/>
  <nd ref="6280812319"/>
  <nd ref="9167602206"/>
  <nd ref="1649890934"/>
  <nd ref="9945276687"/>
  <nd ref="4266898335"/>
  <nd ref="6280807108"/>
  <nd ref="6280812320"/>
  <nd ref="6135276173"/>
  <nd ref="6280812321"/>
  <nd ref="6292957702"/>
  <nd ref="6437868751"/>
  <nd ref="9961735259"/>
  <nd ref="6135276174"/>
  <nd ref="1649890935"/>
  <nd ref="6280807122"/>
  <nd ref="6135276175"/>
  <nd ref="6135276176"/>
  <nd ref="6135276177"/>
  <nd ref="2897202379"/>
  <nd ref="6135276179"/>
  <nd ref="6135276181"/>
  <nd ref="11413002223"/>
  <nd ref="9167535732"/>
  <nd ref="9167535737"/>
  <nd ref="2897184342"/>
  <nd ref="5777198527"/>
  <tag k="highway" v="trunk"/>
  <tag k="name" v="Great East Road"/>
  <tag k="ref" v="T4"/>
  <tag k="surface" v="asphalt"/>
 </way>
 <way id="654256298" visible="true" version="7" changeset="137360215" timestamp="2023-06-15T08:44:37Z" user="LakeMatano" uid="16936637">
  <nd ref="6130810439"/>
  <nd ref="6132656740"/>
  <nd ref="6132900328"/>
  <nd ref="6130810433"/>
  <nd ref="6132656735"/>
  <nd ref="6130810425"/>
  <nd ref="6132656716"/>
  <nd ref="6130810423"/>
  <nd ref="6304138087"/>
  <nd ref="6130863740"/>
  <nd ref="6130810438"/>
  <nd ref="6130810437"/>
  <nd ref="6130810436"/>
  <nd ref="6130810435"/>
  <nd ref="6130810434"/>
  <nd ref="10978427411"/>
  <nd ref="6304138114"/>
  <tag k="highway" v="residential"/>
 </way>
 <way id="654256299" visible="true" version="2" changeset="112421775" timestamp="2021-10-12T14:52:39Z" user="ftcat" uid="4136766">
  <nd ref="6130810466"/>
  <nd ref="6130810465"/>
  <nd ref="9167639744"/>
  <nd ref="6130810464"/>
  <nd ref="6130810463"/>
  <nd ref="6130810462"/>
  <nd ref="6130810461"/>
  <nd ref="6130810460"/>
  <nd ref="6130810459"/>
  <nd ref="6130810458"/>
  <nd ref="6130810457"/>
  <nd ref="6130810456"/>
  <nd ref="6130810455"/>
  <nd ref="6130810454"/>
  <nd ref="6130810453"/>
  <nd ref="6130810452"/>
  <nd ref="6130810451"/>
  <nd ref="6130810450"/>
  <nd ref="6130810449"/>
  <nd ref="6130810448"/>
  <nd ref="6130810447"/>
  <nd ref="6130810446"/>
  <nd ref="6130810445"/>
  <nd ref="6130810444"/>
  <nd ref="6130810443"/>
  <nd ref="6130810442"/>
  <nd ref="6130810441"/>
  <nd ref="6130810440"/>
  <tag k="highway" v="track"/>
 </way>
 <way id="654471559" visible="true" version="4" changeset="167560915" timestamp="2025-06-13T06:42:37Z" user="ftcat" uid="4136766">
  <nd ref="6132642409"/>
  <nd ref="6132637183"/>
  <nd ref="6132656758"/>
  <nd ref="6132656751"/>
  <nd ref="6132637182"/>
  <nd ref="6132637181"/>
  <nd ref="6132637180"/>
  <nd ref="6132637179"/>
  <tag k="highway" v="residential"/>
 </way>
 <way id="654471560" visible="true" version="1" changeset="65408638" timestamp="2018-12-12T13:30:40Z" user="TortesCakesMaps" uid="8710020">
  <nd ref="6132642391"/>
  <nd ref="6132642390"/>
  <nd ref="6132642389"/>
  <nd ref="6132642388"/>
  <nd ref="6132642387"/>
  <nd ref="6132642386"/>
  <nd ref="6132642385"/>
  <nd ref="6132637184"/>
  <tag k="highway" v="residential"/>
 </way>
 <way id="654471561" visible="true" version="2" changeset="112421775" timestamp="2021-10-12T14:52:39Z" user="ftcat" uid="4136766">
  <nd ref="6132642397"/>
  <nd ref="6132642396"/>
  <nd ref="6132642395"/>
  <nd ref="6132642394"/>
  <nd ref="6132642393"/>
  <nd ref="6132642392"/>
  <nd ref="6130810466"/>
  <tag k="highway" v="track"/>
 </way>
 <way id="654471562" visible="true" version="4" changeset="112421775" timestamp="2021-10-12T14:52:39Z" user="ftcat" uid="4136766">
  <nd ref="6130756374"/>
  <nd ref="6132637179"/>
  <nd ref="6132642402"/>
  <nd ref="6132637184"/>
  <nd ref="9167641997"/>
  <nd ref="9167642026"/>
  <nd ref="6132642392"/>
  <nd ref="6132642399"/>
  <tag k="highway" v="unclassified"/>
 </way>
 <way id="992236498" visible="true" version="1" changeset="112421775" timestamp="2021-10-12T14:52:39Z" user="ftcat" uid="4136766">
  <nd ref="9167639797"/>
  <nd ref="9167639780"/>
  <nd ref="9167639814"/>
 </way>
 <way id="992236499" visible="true" version="1" changeset="112421775" timestamp="2021-10-12T14:52:39Z" user="ftcat" uid="4136766">
  <nd ref="9167639795"/>
  <nd ref="9167639781"/>
  <nd ref="9167639782"/>
  <nd ref="9167639783"/>
  <nd ref="9167639784"/>
  <nd ref="9167639785"/>
  <nd ref="9167639786"/>
  <nd ref="9167639787"/>
  <nd ref="9167639796"/>
  <nd ref="9167639788"/>
  <nd ref="9167639789"/>
  <nd ref="9167639790"/>
  <nd ref="9167639791"/>
  <nd ref="9167639792"/>
  <nd ref="9167639793"/>
  <nd ref="9167639794"/>
  <nd ref="9167639797"/>
 </way>
 <way id="992236500" visible="true" version="1" changeset="112421775" timestamp="2021-10-12T14:52:39Z" user="ftcat" uid="4136766">
  <nd ref="9167639812"/>
  <nd ref="9167639795"/>
 </way>
 <way id="992236501" visible="true" version="1" changeset="112421775" timestamp="2021-10-12T14:52:39Z" user="ftcat" uid="4136766">
  <nd ref="9167639797"/>
  <nd ref="9167639795"/>
 </way>
 <way id="992236502" visible="true" version="1" changeset="112421775" timestamp="2021-10-12T14:52:39Z" user="ftcat" uid="4136766">
  <nd ref="9167639814"/>
  <nd ref="9167639812"/>
 </way>
 <way id="992236503" visible="true" version="1" changeset="112421775" timestamp="2021-10-12T14:52:39Z" user="ftcat" uid="4136766">
  <nd ref="9167639779"/>
  <nd ref="9167639745"/>
  <nd ref="9167639778"/>
  <nd ref="9167639777"/>
  <nd ref="9167639776"/>
  <nd ref="9167639775"/>
  <nd ref="9167639774"/>
  <nd ref="9167639773"/>
  <nd ref="9167639772"/>
  <nd ref="9167639771"/>
  <nd ref="9167639770"/>
  <nd ref="9167639769"/>
  <nd ref="9167639768"/>
  <nd ref="9167639767"/>
  <nd ref="9167639766"/>
  <nd ref="9167639765"/>
  <nd ref="9167639764"/>
  <nd ref="9167639763"/>
  <nd ref="9167639762"/>
  <nd ref="9167639761"/>
  <nd ref="9167639760"/>
  <nd ref="9167639759"/>
  <nd ref="9167639758"/>
  <nd ref="9167639757"/>
  <nd ref="9167639756"/>
  <nd ref="9167639755"/>
  <nd ref="9167639754"/>
  <nd ref="9167639753"/>
  <nd ref="9167639752"/>
  <nd ref="9167639751"/>
  <nd ref="9167639750"/>
  <nd ref="9167639749"/>
  <nd ref="9167639748"/>
  <nd ref="9167639747"/>
  <nd ref="9167639746"/>
  <nd ref="9167639779"/>
 </way>
 <way id="992236504" visible="true" version="1" changeset="112421775" timestamp="2021-10-12T14:52:39Z" user="ftcat" uid="4136766">
  <nd ref="9167639814"/>
  <nd ref="9167639811"/>
  <nd ref="9167639810"/>
  <nd ref="9167639809"/>
  <nd ref="9167639808"/>
  <nd ref="9167639807"/>
  <nd ref="9167639806"/>
  <nd ref="9167639805"/>
  <nd ref="9167639813"/>
  <nd ref="9167639804"/>
  <nd ref="9167639803"/>
  <nd ref="9167639802"/>
  <nd ref="9167639801"/>
  <nd ref="9167639800"/>
  <nd ref="9167639799"/>
  <nd ref="9167639798"/>
  <nd ref="9167639812"/>
 </way>
 <way id="992236505" visible="true" version="1" changeset="112421775" timestamp="2021-10-12T14:52:39Z" user="ftcat" uid="4136766">
  <nd ref="9167641962"/>
  <nd ref="9167641917"/>
  <nd ref="9167639816"/>
  <nd ref="9167639815"/>
  <tag k="highway" v="service"/>
 </way>
 <way id="992236506" visible="true" version="1" changeset="112421775" timestamp="2021-10-12T14:52:39Z" user="ftcat" uid="4136766">
  <nd ref="9167641918"/>
  <nd ref="9167641919"/>
  <nd ref="9167641920"/>
  <nd ref="9167641949"/>
  <tag k="highway" v="service"/>
 </way>
 <way id="992236507" visible="true" version="2" changeset="168151945" timestamp="2025-06-26T17:59:32Z" user="Aqu@rius" uid="13040649">
  <nd ref="9167641923"/>
  <nd ref="12954705880"/>
  <nd ref="9167641922"/>
  <tag k="highway" v="service"/>
 </way>
 <way id="992236508" visible="true" version="1" changeset="112421775" timestamp="2021-10-12T14:52:39Z" user="ftcat" uid="4136766">
  <nd ref="9167641944"/>
  <nd ref="9167641966"/>
  <nd ref="9167641925"/>
  <nd ref="9167641922"/>
  <nd ref="9167641924"/>
  <nd ref="9167641965"/>
  <tag k="highway" v="service"/>
 </way>
 <way id="992236509" visible="true" version="1" changeset="112421775" timestamp="2021-10-12T14:52:39Z" user="ftcat" uid="4136766">
  <nd ref="9167641927"/>
  <nd ref="9167641933"/>
  <nd ref="9167641928"/>
  <nd ref="9167641942"/>
  <nd ref="9167641929"/>
  <nd ref="9167641930"/>
  <nd ref="9167641932"/>
  <nd ref="9167641931"/>
  <nd ref="9167641934"/>
  <nd ref="9167641926"/>
  <nd ref="9167641927"/>
  <tag k="highway" v="service"/>
  <tag k="junction" v="roundabout"/>
 </way>
 <way id="992236510" visible="true" version="1" changeset="112421775" timestamp="2021-10-12T14:52:39Z" user="ftcat" uid="4136766">
  <nd ref="9167641933"/>
  <nd ref="9167641939"/>
  <nd ref="9167641938"/>
  <tag k="highway" v="service"/>
 </way>
 <way id="992236511" visible="true" version="1" changeset="112421775" timestamp="2021-10-12T14:52:39Z" user="ftcat" uid="4136766">
  <nd ref="9167641942"/>
  <nd ref="9167641941"/>
  <nd ref="9167641940"/>
  <tag k="highway" v="service"/>
 </way>
 <way id="992236512" visible="true" version="1" changeset="112421775" timestamp="2021-10-12T14:52:39Z" user="ftcat" uid="4136766">
  <nd ref="9167641954"/>
  <nd ref="9167641935"/>
  <nd ref="9167641936"/>
  <nd ref="9167641937"/>
  <nd ref="9167641932"/>
  <tag k="highway" v="service"/>
 </way>
 <way id="992236513" visible="true" version="2" changeset="168151945" timestamp="2025-06-26T17:59:32Z" user="Aqu@rius" uid="13040649">
  <nd ref="9167641950"/>
  <nd ref="9167641946"/>
  <nd ref="9167641945"/>
  <nd ref="9167641944"/>
  <nd ref="12954705881"/>
  <nd ref="9167641943"/>
  <nd ref="9167641934"/>
  <tag k="highway" v="service"/>
 </way>
 <way id="992236514" visible="true" version="1" changeset="112421775" timestamp="2021-10-12T14:52:39Z" user="ftcat" uid="4136766">
  <nd ref="9167642018"/>
  <nd ref="9167641965"/>
  <nd ref="9167641964"/>
  <nd ref="9167641938"/>
  <nd ref="9167641963"/>
  <nd ref="9167641962"/>
  <nd ref="9167641961"/>
  <nd ref="9167641940"/>
  <nd ref="9167641960"/>
  <nd ref="9167641959"/>
  <nd ref="9167641958"/>
  <nd ref="9167641957"/>
  <nd ref="9167641956"/>
  <nd ref="9167641955"/>
  <nd ref="9167641954"/>
  <nd ref="9167641953"/>
  <nd ref="9167641952"/>
  <nd ref="9167641951"/>
  <nd ref="9167641950"/>
  <nd ref="9167641949"/>
  <nd ref="9167641948"/>
  <nd ref="9167641921"/>
  <nd ref="9167641947"/>
  <tag k="highway" v="service"/>
 </way>
 <way id="992236515" visible="true" version="1" changeset="112421775" timestamp="2021-10-12T14:52:39Z" user="ftcat" uid="4136766">
  <nd ref="9167641970"/>
  <nd ref="9167641969"/>
  <nd ref="9167641968"/>
  <nd ref="9167641967"/>
  <nd ref="9167641923"/>
  <nd ref="9167641966"/>
  <tag k="highway" v="service"/>
 </way>
 <way id="992236516" visible="true" version="1" changeset="112421775" timestamp="2021-10-12T14:52:39Z" user="ftcat" uid="4136766">
  <nd ref="9167641977"/>
  <nd ref="9167641976"/>
  <nd ref="9167641975"/>
  <nd ref="9167641974"/>
  <nd ref="9167641972"/>
  <nd ref="9167641973"/>
  <tag k="highway" v="service"/>
 </way>
 <way id="992236517" visible="true" version="1" changeset="112421775" timestamp="2021-10-12T14:52:39Z" user="ftcat" uid="4136766">
  <nd ref="9167642014"/>
  <nd ref="9167642008"/>
  <nd ref="9167641978"/>
  <nd ref="9167641972"/>
  <tag k="highway" v="service"/>
 </way>
 <way id="992236518" visible="true" version="1" changeset="112421775" timestamp="2021-10-12T14:52:39Z" user="ftcat" uid="4136766">
  <nd ref="9167641993"/>
  <nd ref="9167641979"/>
  <nd ref="9167642007"/>
  <nd ref="9167641980"/>
  <nd ref="9167641981"/>
  <nd ref="9167641982"/>
  <nd ref="9167641983"/>
  <nd ref="9167641984"/>
  <nd ref="9167641985"/>
  <nd ref="9167641986"/>
  <nd ref="9167641994"/>
  <nd ref="9167641987"/>
  <nd ref="9167641971"/>
  <nd ref="9167641988"/>
  <nd ref="9167641989"/>
  <nd ref="9167641990"/>
  <nd ref="9167641995"/>
  <nd ref="9167641973"/>
  <nd ref="9167641991"/>
  <nd ref="9167641992"/>
  <nd ref="9167641993"/>
  <tag k="highway" v="service"/>
  <tag k="junction" v="roundabout"/>
 </way>
 <way id="992236519" visible="true" version="1" changeset="112421775" timestamp="2021-10-12T14:52:39Z" user="ftcat" uid="4136766">
  <nd ref="9167641997"/>
  <nd ref="9167641996"/>
  <nd ref="9167642002"/>
  <tag k="highway" v="service"/>
 </way>
 <way id="992236520" visible="true" version="1" changeset="112421775" timestamp="2021-10-12T14:52:39Z" user="ftcat" uid="4136766">
  <nd ref="9167641984"/>
  <nd ref="9167642006"/>
  <nd ref="9167642005"/>
  <nd ref="9167642004"/>
  <nd ref="9167642003"/>
  <nd ref="9167642002"/>
  <nd ref="9167642001"/>
  <nd ref="9167642000"/>
  <nd ref="9167642009"/>
  <nd ref="9167641977"/>
  <nd ref="9167641999"/>
  <nd ref="9167641998"/>
  <nd ref="9167642008"/>
  <nd ref="9167642007"/>
  <tag k="highway" v="service"/>
 </way>
 <way id="992236521" visible="true" version="1" changeset="112421775" timestamp="2021-10-12T14:52:39Z" user="ftcat" uid="4136766">
  <nd ref="9167641971"/>
  <nd ref="9167642013"/>
  <nd ref="9167642012"/>
  <nd ref="9167642011"/>
  <nd ref="9167642010"/>
  <nd ref="9167642009"/>
  <tag k="highway" v="service"/>
 </way>
 <way id="992236522" visible="true" version="1" changeset="112421775" timestamp="2021-10-12T14:52:39Z" user="ftcat" uid="4136766">
  <nd ref="9167642023"/>
  <nd ref="9167639744"/>
  <nd ref="9167642015"/>
  <tag k="highway" v="service"/>
  <tag k="oneway" v="yes"/>
 </way>
 <way id="992236523" visible="true" version="2" changeset="188868850" timestamp="2026-09-11T12:07:48Z" user="Mwauluka" uid="24542069">
  <nd ref="9167642023"/>
  <nd ref="9167642022"/>
  <nd ref="14173134275"/>
  <nd ref="9167641947"/>
  <nd ref="9167642021"/>
  <nd ref="9167642014"/>
  <nd ref="9167641918"/>
  <nd ref="9167641970"/>
  <nd ref="9167642020"/>
  <nd ref="9167642019"/>
  <nd ref="9167642018"/>
  <nd ref="9167642017"/>
  <nd ref="9167642016"/>
  <tag k="highway" v="service"/>
 </way>
 <way id="992236524" visible="true" version="1" changeset="112421775" timestamp="2021-10-12T14:52:39Z" user="ftcat" uid="4136766">
  <nd ref="6130810468"/>
  <nd ref="6130810467"/>
  <nd ref="6130810466"/>
  <nd ref="9167642024"/>
  <nd ref="9167642023"/>
  <tag k="highway" v="service"/>
  <tag k="oneway" v="yes"/>
 </way>
 <way id="1039927566" visible="true" version="1" changeset="118437605" timestamp="2022-03-13T16:47:05Z" user="ftcat" uid="4136766">
  <nd ref="9575598424"/>
  <nd ref="9575598422"/>
  <nd ref="9575598419"/>
  <nd ref="9575598423"/>
  <tag k="highway" v="service"/>
 </way>
 <way id="1384237913" visible="true" version="1" changeset="165920478" timestamp="2025-05-07T05:36:11Z" user="severino chundu" uid="14364367">
  <nd ref="12816148642"/>
  <nd ref="12816148641"/>
  <nd ref="12816148640"/>
  <nd ref="12816148639"/>
  <nd ref="12816148642"/>
  <tag k="building" v="yes"/>
 </way>
 <way id="1384237914" visible="true" version="3" changeset="189627903" timestamp="2026-09-27T12:32:13Z" user="Mwauluka" uid="24542069">
  <nd ref="12816148648"/>
  <nd ref="12816148647"/>
  <nd ref="12816148646"/>
  <nd ref="12816148644"/>
  <nd ref="12816148643"/>
  <nd ref="12816148645"/>
  <nd ref="12816148648"/>
  <tag k="building" v="yes"/>
  <tag k="name" v="Lubambe Hostel"/>
  <tag k="tourism" v="hostel"/>
 </way>
 <way id="1384237926" visible="true" version="1" changeset="165920478" timestamp="2025-05-07T05:36:11Z" user="severino chundu" uid="14364367">
  <nd ref="12816148706"/>
  <nd ref="12816148705"/>
  <nd ref="12816148704"/>
  <nd ref="12816148703"/>
  <nd ref="12816148706"/>
  <tag k="building" v="yes"/>
 </way>
 <way id="1384237927" visible="true" version="1" changeset="165920478" timestamp="2025-05-07T05:36:11Z" user="severino chundu" uid="14364367">
  <nd ref="12816148710"/>
  <nd ref="12816148709"/>
  <nd ref="12816148708"/>
  <nd ref="12816148707"/>
  <nd ref="12816148710"/>
  <tag k="building" v="yes"/>
 </way>
 <way id="1384237928" visible="true" version="1" changeset="165920478" timestamp="2025-05-07T05:36:11Z" user="severino chundu" uid="14364367">
  <nd ref="12816148714"/>
  <nd ref="12816148713"/>
  <nd ref="12816148712"/>
  <nd ref="12816148711"/>
  <nd ref="12816148714"/>
  <tag k="building" v="yes"/>
 </way>
 <way id="1384237931" visible="true" version="1" changeset="165920478" timestamp="2025-05-07T05:36:11Z" user="severino chundu" uid="14364367">
  <nd ref="12816148726"/>
  <nd ref="12816148725"/>
  <nd ref="12816148724"/>
  <nd ref="12816148723"/>
  <nd ref="12816148726"/>
  <tag k="building" v="yes"/>
 </way>
 <way id="1384237932" visible="true" version="1" changeset="165920478" timestamp="2025-05-07T05:36:11Z" user="severino chundu" uid="14364367">
  <nd ref="12816148730"/>
  <nd ref="12816148729"/>
  <nd ref="12816148728"/>
  <nd ref="12816148727"/>
  <nd ref="12816148730"/>
  <tag k="building" v="yes"/>
 </way>
 <way id="1384237933" visible="true" version="1" changeset="165920478" timestamp="2025-05-07T05:36:11Z" user="severino chundu" uid="14364367">
  <nd ref="12816148734"/>
  <nd ref="12816148733"/>
  <nd ref="12816148732"/>
  <nd ref="12816148731"/>
  <nd ref="12816148734"/>
  <tag k="building" v="yes"/>
 </way>
 <way id="1384240173" visible="true" version="1" changeset="165920903" timestamp="2025-05-07T05:52:06Z" user="severino chundu" uid="14364367">
  <nd ref="12816160637"/>
  <nd ref="12816160636"/>
  <nd ref="12816160633"/>
  <nd ref="12816160635"/>
  <nd ref="12816160632"/>
  <nd ref="12816160631"/>
  <nd ref="12816160634"/>
  <nd ref="12816160629"/>
  <nd ref="12816160630"/>
  <nd ref="12816160637"/>
  <tag k="building" v="yes"/>
 </way>
 <way id="1384240174" visible="true" version="1" changeset="165920903" timestamp="2025-05-07T05:52:06Z" user="severino chundu" uid="14364367">
  <nd ref="12816160641"/>
  <nd ref="12816160640"/>
  <nd ref="12816160639"/>
  <nd ref="12816160638"/>
  <nd ref="12816160641"/>
  <tag k="building" v="yes"/>
 </way>
 <way id="1384240175" visible="true" version="1" changeset="165920903" timestamp="2025-05-07T05:52:06Z" user="severino chundu" uid="14364367">
  <nd ref="12816160645"/>
  <nd ref="12816160644"/>
  <nd ref="12816160643"/>
  <nd ref="12816160642"/>
  <nd ref="12816160645"/>
  <tag k="building" v="yes"/>
 </way>
 <way id="1384240176" visible="true" version="1" changeset="165920903" timestamp="2025-05-07T05:52:06Z" user="severino chundu" uid="14364367">
  <nd ref="12816160649"/>
  <nd ref="12816160648"/>
  <nd ref="12816160647"/>
  <nd ref="12816160646"/>
  <nd ref="12816160649"/>
  <tag k="building" v="yes"/>
 </way>
 <way id="1384240177" visible="true" version="1" changeset="165920903" timestamp="2025-05-07T05:52:06Z" user="severino chundu" uid="14364367">
  <nd ref="12816160653"/>
  <nd ref="12816160652"/>
  <nd ref="12816160651"/>
  <nd ref="12816160650"/>
  <nd ref="12816160653"/>
  <tag k="building" v="yes"/>
 </way>
 <way id="1384240178" visible="true" version="1" changeset="165920903" timestamp="2025-05-07T05:52:06Z" user="severino chundu" uid="14364367">
  <nd ref="12816160657"/>
  <nd ref="12816160656"/>
  <nd ref="12816160655"/>
  <nd ref="12816160654"/>
  <nd ref="12816160657"/>
  <tag k="building" v="yes"/>
 </way>
 <way id="1384240190" visible="true" version="1" changeset="165920903" timestamp="2025-05-07T05:52:06Z" user="severino chundu" uid="14364367">
  <nd ref="12816166041"/>
  <nd ref="12816166040"/>
  <nd ref="12816166039"/>
  <nd ref="12816166037"/>
  <nd ref="12816166035"/>
  <nd ref="12816166034"/>
  <nd ref="12816166036"/>
  <nd ref="12816166033"/>
  <nd ref="12816166032"/>
  <nd ref="12816166038"/>
  <nd ref="12816166041"/>
  <tag k="building" v="yes"/>
 </way>
 <way id="1384240191" visible="true" version="1" changeset="165920903" timestamp="2025-05-07T05:52:06Z" user="severino chundu" uid="14364367">
  <nd ref="12816166055"/>
  <nd ref="12816166054"/>
  <nd ref="12816166046"/>
  <nd ref="12816166047"/>
  <nd ref="12816166053"/>
  <nd ref="12816166045"/>
  <nd ref="12816166044"/>
  <nd ref="12816166052"/>
  <nd ref="12816166042"/>
  <nd ref="12816166043"/>
  <nd ref="12816166050"/>
  <nd ref="12816166049"/>
  <nd ref="12816166048"/>
  <nd ref="12816166051"/>
  <nd ref="12816166055"/>
  <tag k="building" v="yes"/>
 </way>
 <way id="1384240200" visible="true" version="2" changeset="167493294" timestamp="2025-06-11T13:57:11Z" user="Steve Atta Sey" uid="21917090">
  <nd ref="12816166097"/>
  <nd ref="12906054781"/>
  <nd ref="12906054784"/>
  <nd ref="12906054783"/>
  <nd ref="12906054782"/>
  <nd ref="12816166096"/>
  <nd ref="12816166095"/>
  <nd ref="12816166094"/>
  <nd ref="12816166097"/>
  <tag k="building" v="yes"/>
 </way>
 <way id="1394080430" visible="true" version="3" changeset="189626002" timestamp="2026-09-27T11:49:46Z" user="Mwauluka" uid="24542069">
  <nd ref="12904052401"/>
  <nd ref="12904019098"/>
  <nd ref="12904019097"/>
  <nd ref="12904019088"/>
  <nd ref="12904019087"/>
  <nd ref="12904019086"/>
  <nd ref="12904019089"/>
  <nd ref="12904019091"/>
  <nd ref="12904019073"/>
  <nd ref="12904019071"/>
  <nd ref="12904019070"/>
  <nd ref="12904019072"/>
  <nd ref="12904019090"/>
  <nd ref="14211405646"/>
  <nd ref="12904019095"/>
  <nd ref="12904019081"/>
  <nd ref="12904019079"/>
  <nd ref="12904019078"/>
  <nd ref="12904019080"/>
  <nd ref="12904019077"/>
  <nd ref="12904019075"/>
  <nd ref="12904019074"/>
  <nd ref="12904019076"/>
  <nd ref="12904019094"/>
  <nd ref="12904019092"/>
  <nd ref="12904019093"/>
  <nd ref="12904019085"/>
  <nd ref="12904019083"/>
  <nd ref="12904019082"/>
  <nd ref="12904019084"/>
  <nd ref="12904019096"/>
  <nd ref="12904019099"/>
  <nd ref="12904019100"/>
  <nd ref="12904052401"/>
  <tag k="amenity" v="hospital"/>
  <tag k="healthcare" v="hospital"/>
  <tag k="name" v="Unilus Hospital"/>
 </way>
 <way id="1394080431" visible="true" version="1" changeset="167470845" timestamp="2025-06-11T03:38:22Z" user="MR KOOMSON✊" uid="20911338">
  <nd ref="12904052405"/>
  <nd ref="12904052402"/>
  <nd ref="12904052403"/>
  <nd ref="12904052404"/>
  <nd ref="12904052405"/>
  <tag k="building" v="yes"/>
 </way>
 <way id="1394080432" visible="true" version="1" changeset="167470845" timestamp="2025-06-11T03:38:22Z" user="MR KOOMSON✊" uid="20911338">
  <nd ref="12904052409"/>
  <nd ref="12904052406"/>
  <nd ref="12904052407"/>
  <nd ref="12904052408"/>
  <nd ref="12904052409"/>
  <tag k="building" v="yes"/>
 </way>
 <way id="1394080433" visible="true" version="1" changeset="167470845" timestamp="2025-06-11T03:38:22Z" user="MR KOOMSON✊" uid="20911338">
  <nd ref="12904052413"/>
  <nd ref="12904052410"/>
  <nd ref="12904052411"/>
  <nd ref="12904052412"/>
  <nd ref="12904052413"/>
  <tag k="building" v="yes"/>
 </way>
 <way id="1394080452" visible="true" version="3" changeset="188867623" timestamp="2026-09-11T11:39:28Z" user="Mwauluka" uid="24542069">
  <nd ref="12904052509"/>
  <nd ref="12904052508"/>
  <nd ref="12904019051"/>
  <nd ref="12904052507"/>
  <nd ref="12904019052"/>
  <nd ref="12904052506"/>
  <nd ref="12904052505"/>
  <nd ref="12904052504"/>
  <nd ref="12904052503"/>
  <nd ref="12904052502"/>
  <nd ref="12904052501"/>
  <nd ref="12904052500"/>
  <nd ref="12904052499"/>
  <nd ref="12904052498"/>
  <nd ref="12904052509"/>
  <tag k="amenity" v="hospital"/>
  <tag k="healthcare" v="hospital"/>
  <tag k="name" v="Unilus Hospital"/>
  <tag k="source" v="microsoft/BuildingFootprints"/>
 </way>
 <way id="1394081410" visible="true" version="1" changeset="167471148" timestamp="2025-06-11T03:55:34Z" user="MR KOOMSON✊" uid="20911338">
  <nd ref="12904068819"/>
  <nd ref="12904068818"/>
  <nd ref="12904068817"/>
  <nd ref="12904068816"/>
  <nd ref="12904068819"/>
  <tag k="building" v="yes"/>
 </way>
 <way id="1394081411" visible="true" version="1" changeset="167471148" timestamp="2025-06-11T03:55:34Z" user="MR KOOMSON✊" uid="20911338">
  <nd ref="12904068823"/>
  <nd ref="12904068822"/>
  <nd ref="12904068821"/>
  <nd ref="12904068820"/>
  <nd ref="12904068823"/>
  <tag k="building" v="yes"/>
 </way>
 <way id="1394081412" visible="true" version="1" changeset="167471148" timestamp="2025-06-11T03:55:34Z" user="MR KOOMSON✊" uid="20911338">
  <nd ref="12904068827"/>
  <nd ref="12904068826"/>
  <nd ref="12904068825"/>
  <nd ref="12904068824"/>
  <nd ref="12904068827"/>
  <tag k="building" v="yes"/>
 </way>
 <way id="1394081413" visible="true" version="1" changeset="167471148" timestamp="2025-06-11T03:55:34Z" user="MR KOOMSON✊" uid="20911338">
  <nd ref="12904068831"/>
  <nd ref="12904068828"/>
  <nd ref="12904068829"/>
  <nd ref="12904068830"/>
  <nd ref="12904068831"/>
  <tag k="building" v="yes"/>
 </way>
 <way id="1394081414" visible="true" version="1" changeset="167471148" timestamp="2025-06-11T03:55:34Z" user="MR KOOMSON✊" uid="20911338">
  <nd ref="12904068835"/>
  <nd ref="12904068832"/>
  <nd ref="12904068833"/>
  <nd ref="12904068834"/>
  <nd ref="12904068835"/>
  <tag k="building" v="yes"/>
 </way>
 <way id="1394081415" visible="true" version="1" changeset="167471148" timestamp="2025-06-11T03:55:34Z" user="MR KOOMSON✊" uid="20911338">
  <nd ref="12904068839"/>
  <nd ref="12904068836"/>
  <nd ref="12904049436"/>
  <nd ref="12904049437"/>
  <nd ref="12904068837"/>
  <nd ref="12904068838"/>
  <nd ref="12904068839"/>
  <tag k="building" v="yes"/>
 </way>
 <way id="1395302594" visible="true" version="1" changeset="167622121" timestamp="2025-06-14T17:24:39Z" user="zebrina-samy" uid="16378798">
  <nd ref="12915226480"/>
  <nd ref="12915226477"/>
  <nd ref="12915226478"/>
  <nd ref="12915226479"/>
  <nd ref="12915226480"/>
  <tag k="building" v="yes"/>
 </way>
 <way id="1395302595" visible="true" version="3" changeset="188869731" timestamp="2026-09-11T12:23:52Z" user="Mwauluka" uid="24542069">
  <nd ref="12915226493"/>
  <nd ref="12915226484"/>
  <nd ref="12915226482"/>
  <nd ref="12915226495"/>
  <nd ref="12915226498"/>
  <nd ref="12915226497"/>
  <nd ref="14173129183"/>
  <nd ref="12915226483"/>
  <nd ref="14173129184"/>
  <nd ref="12915226494"/>
  <nd ref="12915226485"/>
  <nd ref="12915226481"/>
  <nd ref="12915226491"/>
  <nd ref="12915226486"/>
  <nd ref="12915226489"/>
  <nd ref="12915226488"/>
  <nd ref="12915226487"/>
  <nd ref="12915226492"/>
  <nd ref="12915226493"/>
  <tag k="building" v="university"/>
  <tag k="name" v="Knowledge Field 1"/>
 </way>
 <way id="1395302600" visible="true" version="3" changeset="189627903" timestamp="2026-09-27T12:32:13Z" user="Mwauluka" uid="24542069">
  <nd ref="12915228215"/>
  <nd ref="12915228224"/>
  <nd ref="12915228225"/>
  <nd ref="12915228226"/>
  <nd ref="12915228223"/>
  <nd ref="12915228216"/>
  <nd ref="12915228220"/>
  <nd ref="12915228218"/>
  <nd ref="12915228217"/>
  <nd ref="12915228222"/>
  <nd ref="12915228215"/>
  <tag k="building" v="yes"/>
  <tag k="name" v="Chipembele Hostel"/>
  <tag k="tourism" v="hostel"/>
 </way>
 <way id="1395302603" visible="true" version="2" changeset="188868028" timestamp="2026-09-11T11:48:22Z" user="Mwauluka" uid="24542069">
  <nd ref="12915228237"/>
  <nd ref="12915228242"/>
  <nd ref="12915228244"/>
  <nd ref="12915228243"/>
  <nd ref="12915228236"/>
  <nd ref="12915228238"/>
  <nd ref="12915228239"/>
  <nd ref="12915228235"/>
  <nd ref="12915228240"/>
  <nd ref="12915228241"/>
  <nd ref="12915228237"/>
  <tag k="amenity" v="library"/>
  <tag k="building" v="yes"/>
  <tag k="internet_access" v="yes"/>
  <tag k="name" v="Unilus Library"/>
  <tag k="opening_hours" v="Mon - Friday: 08:00 - 22:00  Sat: 09:00 - 22:00  Sun &amp; Public Holidays: Closed"/>
 </way>
 <way id="1395302604" visible="true" version="1" changeset="167622121" timestamp="2025-06-14T17:24:39Z" user="zebrina-samy" uid="16378798">
  <nd ref="12915228258"/>
  <nd ref="12915228255"/>
  <nd ref="12915228254"/>
  <nd ref="12915228253"/>
  <nd ref="12915228252"/>
  <nd ref="12915228245"/>
  <nd ref="12915228251"/>
  <nd ref="12915228246"/>
  <nd ref="12915228256"/>
  <nd ref="12915228247"/>
  <nd ref="12915228250"/>
  <nd ref="12915228249"/>
  <nd ref="12915228248"/>
  <nd ref="12915228257"/>
  <nd ref="12915228258"/>
 </way>
 <way id="1395302605" visible="true" version="4" changeset="188869731" timestamp="2026-09-11T12:23:52Z" user="Mwauluka" uid="24542069">
  <nd ref="12915228262"/>
  <nd ref="12915228261"/>
  <nd ref="12915228260"/>
  <nd ref="12915228259"/>
  <nd ref="12915228262"/>
  <tag k="building" v="university"/>
  <tag k="name" v="Knowledge Field 2"/>
 </way>
 <way id="1395331122" visible="true" version="1" changeset="167628527" timestamp="2025-06-14T20:35:17Z" user="charles chilufya" uid="10294659">
  <nd ref="12915539120"/>
  <nd ref="12915539119"/>
  <nd ref="12915539118"/>
  <nd ref="12915539117"/>
  <nd ref="12915539120"/>
  <tag k="building" v="yes"/>
 </way>
 <way id="1395331123" visible="true" version="1" changeset="167628527" timestamp="2025-06-14T20:35:17Z" user="charles chilufya" uid="10294659">
  <nd ref="12915539124"/>
  <nd ref="12915539123"/>
  <nd ref="12915539122"/>
  <nd ref="12915539121"/>
  <nd ref="12915539124"/>
  <tag k="building" v="yes"/>
 </way>
 <way id="1395331124" visible="true" version="1" changeset="167628527" timestamp="2025-06-14T20:35:17Z" user="charles chilufya" uid="10294659">
  <nd ref="12915539128"/>
  <nd ref="12915539127"/>
  <nd ref="12915539126"/>
  <nd ref="12915539125"/>
  <nd ref="12915539128"/>
  <tag k="building" v="yes"/>
 </way>
 <way id="1395331125" visible="true" version="1" changeset="167628527" timestamp="2025-06-14T20:35:17Z" user="charles chilufya" uid="10294659">
  <nd ref="12915539132"/>
  <nd ref="12915539131"/>
  <nd ref="12915539130"/>
  <nd ref="12915539129"/>
  <nd ref="12915539132"/>
  <tag k="building" v="yes"/>
 </way>
 <way id="1395331126" visible="true" version="1" changeset="167628527" timestamp="2025-06-14T20:35:17Z" user="charles chilufya" uid="10294659">
  <nd ref="12915539136"/>
  <nd ref="12915539133"/>
  <nd ref="12915539134"/>
  <nd ref="12915539135"/>
  <nd ref="12915539136"/>
  <tag k="building" v="yes"/>
 </way>
 <way id="1395331127" visible="true" version="1" changeset="167628527" timestamp="2025-06-14T20:35:17Z" user="charles chilufya" uid="10294659">
  <nd ref="12915539142"/>
  <nd ref="12915539141"/>
  <nd ref="12915539138"/>
  <nd ref="12915539137"/>
  <nd ref="12915539140"/>
  <nd ref="12915539139"/>
  <nd ref="12915539142"/>
  <tag k="building" v="yes"/>
 </way>
 <way id="1395331158" visible="true" version="1" changeset="167628527" timestamp="2025-06-14T20:35:17Z" user="charles chilufya" uid="10294659">
  <nd ref="12915542280"/>
  <nd ref="12915542277"/>
  <nd ref="12915542278"/>
  <nd ref="12915542279"/>
  <nd ref="12915542280"/>
  <tag k="building" v="yes"/>
 </way>
 <way id="1395331159" visible="true" version="1" changeset="167628527" timestamp="2025-06-14T20:35:17Z" user="charles chilufya" uid="10294659">
  <nd ref="12915542284"/>
  <nd ref="12915542281"/>
  <nd ref="12915542282"/>
  <nd ref="12915542283"/>
  <nd ref="12915542284"/>
  <tag k="building" v="yes"/>
 </way>
 <way id="1395333372" visible="true" version="1" changeset="167629080" timestamp="2025-06-14T20:55:39Z" user="charles chilufya" uid="10294659">
  <nd ref="12915538568"/>
  <nd ref="12915538567"/>
  <nd ref="12915538566"/>
  <nd ref="12915538565"/>
  <nd ref="12915538568"/>
  <tag k="building" v="yes"/>
 </way>
 <way id="1395333373" visible="true" version="1" changeset="167629080" timestamp="2025-06-14T20:55:39Z" user="charles chilufya" uid="10294659">
  <nd ref="12915538572"/>
  <nd ref="12915538571"/>
  <nd ref="12915538570"/>
  <nd ref="12915538569"/>
  <nd ref="12915538572"/>
  <tag k="building" v="yes"/>
 </way>
 <way id="1395333374" visible="true" version="1" changeset="167629080" timestamp="2025-06-14T20:55:39Z" user="charles chilufya" uid="10294659">
  <nd ref="12915538576"/>
  <nd ref="12915538575"/>
  <nd ref="12915538574"/>
  <nd ref="12915538573"/>
  <nd ref="12915538576"/>
  <tag k="building" v="yes"/>
 </way>
 <way id="1395333378" visible="true" version="1" changeset="167629080" timestamp="2025-06-14T20:55:39Z" user="charles chilufya" uid="10294659">
  <nd ref="12915538594"/>
  <nd ref="12915538593"/>
  <nd ref="12915538592"/>
  <nd ref="12915538591"/>
  <nd ref="12915538594"/>
  <tag k="building" v="yes"/>
 </way>
 <way id="1395333379" visible="true" version="1" changeset="167629080" timestamp="2025-06-14T20:55:39Z" user="charles chilufya" uid="10294659">
  <nd ref="12915538598"/>
  <nd ref="12915538597"/>
  <nd ref="12915538596"/>
  <nd ref="12915538595"/>
  <nd ref="12915538598"/>
  <tag k="building" v="yes"/>
 </way>
 <way id="1395333380" visible="true" version="1" changeset="167629080" timestamp="2025-06-14T20:55:39Z" user="charles chilufya" uid="10294659">
  <nd ref="12915562002"/>
  <nd ref="12915538599"/>
  <nd ref="12915538600"/>
  <nd ref="12915562001"/>
  <nd ref="12915562002"/>
  <tag k="building" v="yes"/>
 </way>
 <way id="1395333406" visible="true" version="2" changeset="189627903" timestamp="2026-09-27T12:32:13Z" user="Mwauluka" uid="24542069">
  <nd ref="12915562159"/>
  <nd ref="12915562156"/>
  <nd ref="12915562157"/>
  <nd ref="12915562158"/>
  <nd ref="12915562159"/>
  <tag k="building" v="yes"/>
  <tag k="name" v="Biochemistry Lab"/>
 </way>
 <way id="1395333408" visible="true" version="2" changeset="189627903" timestamp="2026-09-27T12:32:13Z" user="Mwauluka" uid="24542069">
  <nd ref="12915562167"/>
  <nd ref="14222243220"/>
  <nd ref="14222243219"/>
  <nd ref="12915562164"/>
  <nd ref="14222243217"/>
  <nd ref="14222243218"/>
  <nd ref="12915562165"/>
  <nd ref="12915562166"/>
  <nd ref="12915562167"/>
  <tag k="building" v="yes"/>
  <tag k="name" v="Foundation Labs"/>
 </way>
 <way id="1558095380" visible="true" version="1" changeset="188867623" timestamp="2026-09-11T11:39:28Z" user="Mwauluka" uid="24542069">
  <nd ref="14173090457"/>
  <nd ref="14173090458"/>
  <nd ref="14173090459"/>
  <nd ref="14173090460"/>
  <nd ref="14173090457"/>
  <tag k="access" v="private"/>
  <tag k="leisure" v="swimming_pool"/>
  <tag k="location" v="outdoor"/>
  <tag k="name" v="Unilus Swimming Pool"/>
 </way>
 <way id="1558097845" visible="true" version="2" changeset="189485246" timestamp="2026-09-24T08:58:10Z" user="Mwauluka" uid="24542069">
  <nd ref="14173134420"/>
  <nd ref="14173134421"/>
  <nd ref="14173134422"/>
  <nd ref="14211405651"/>
  <nd ref="14173134423"/>
  <nd ref="14173134424"/>
  <nd ref="14173134420"/>
  <tag k="building" v="yes"/>
  <tag k="name" v="The Growcery"/>
  <tag k="opening_hours" v="Mo-Su 07:00-22:00"/>
  <tag k="payment:app" v="yes"/>
  <tag k="payment:cash" v="yes"/>
  <tag k="payment:credit_cards" v="yes"/>
  <tag k="payment:debit_cards" v="yes"/>
  <tag k="shop" v="convenience"/>
 </way>
 <way id="1558099005" visible="true" version="1" changeset="188868584" timestamp="2026-09-11T12:02:21Z" user="Mwauluka" uid="24542069">
  <nd ref="14173120097"/>
  <nd ref="14173120098"/>
  <nd ref="14173120099"/>
  <nd ref="14173120100"/>
  <nd ref="14173120097"/>
  <tag k="amenity" v="university"/>
  <tag k="education" v="university"/>
  <tag k="internet_access" v="yes"/>
  <tag k="name" v="P.C. School of Business"/>
 </way>
 <way id="1558103619" visible="true" version="2" changeset="189485246" timestamp="2026-09-24T08:58:10Z" user="Mwauluka" uid="24542069">
  <nd ref="14173134280"/>
  <nd ref="14173134281"/>
  <nd ref="14173134282"/>
  <nd ref="14173134283"/>
  <nd ref="14211405661"/>
  <nd ref="14173134280"/>
  <tag k="amenity" v="university"/>
  <tag k="education" v="university"/>
  <tag k="internet_access" v="yes"/>
  <tag k="internet_access:fee" v="yes"/>
  <tag k="name" v="University of Lusaka Silverest Campus"/>
  <tag k="operator" v="Pinalo Chifwanakeni"/>
  <tag k="operator:type" v="university"/>
  <tag k="website" v="https://web.unilus.ac.zm/"/>
 </way>
 <way id="1561928486" visible="true" version="2" changeset="189627903" timestamp="2026-09-27T12:32:13Z" user="Mwauluka" uid="24542069">
  <nd ref="14211405647"/>
  <nd ref="14211405648"/>
  <nd ref="14211405649"/>
  <nd ref="14211405650"/>
  <nd ref="14211405647"/>
  <tag k="charge" v="K200 per hour"/>
  <tag k="fee" v="yes"/>
  <tag k="leisure" v="pitch"/>
  <tag k="name" v="Unilus Basketball Court"/>
  <tag k="sport" v="basketball"/>
 </way>
 <way id="1561928487" visible="true" version="1" changeset="189485246" timestamp="2026-09-24T08:58:10Z" user="Mwauluka" uid="24542069">
  <nd ref="14211405652"/>
  <nd ref="14211405653"/>
  <nd ref="14211405654"/>
  <nd ref="14211405655"/>
  <nd ref="14211405656"/>
  <nd ref="14211405657"/>
  <nd ref="14211405652"/>
  <tag k="building" v="university"/>
  <tag k="name" v="Life Science Labs"/>
 </way>
 <way id="1561928488" visible="true" version="1" changeset="189485246" timestamp="2026-09-24T08:58:10Z" user="Mwauluka" uid="24542069">
  <nd ref="14211405658"/>
  <nd ref="14211405659"/>
  <nd ref="14211405660"/>
  <nd ref="14211405661"/>
  <nd ref="14211405658"/>
  <tag k="building" v="yes"/>
  <tag k="name" v="School of Business Hostels"/>
  <tag k="tourism" v="hostel"/>
 </way>
 <way id="1562747665" visible="true" version="1" changeset="189627903" timestamp="2026-09-27T12:32:13Z" user="Mwauluka" uid="24542069">
  <nd ref="14222124075"/>
  <nd ref="14222124076"/>
  <nd ref="14222124077"/>
  <nd ref="14222124078"/>
  <nd ref="14222124075"/>
  <tag k="charge" v="K200 per hour"/>
  <tag k="fee" v="yes"/>
  <tag k="leisure" v="pitch"/>
  <tag k="name" v="Unilus Volleyball Court"/>
  <tag k="sport" v="volleyball"/>
 </way>
 <way id="1562747666" visible="true" version="1" changeset="189627903" timestamp="2026-09-27T12:32:13Z" user="Mwauluka" uid="24542069">
  <nd ref="14222124079"/>
  <nd ref="14222124080"/>
  <nd ref="14222124081"/>
  <nd ref="14222124082"/>
  <nd ref="14222124079"/>
  <tag k="charge" v="K120 per hour"/>
  <tag k="fee" v="yes"/>
  <tag k="leisure" v="pitch"/>
  <tag k="name" v="Unilus Tennis Court"/>
  <tag k="sport" v="tennis"/>
 </way>
 <way id="1562747667" visible="true" version="1" changeset="189627903" timestamp="2026-09-27T12:32:13Z" user="Mwauluka" uid="24542069">
  <nd ref="14222124083"/>
  <nd ref="14222124084"/>
  <nd ref="14222124085"/>
  <nd ref="14222124086"/>
  <nd ref="14222124087"/>
  <nd ref="14222124088"/>
  <nd ref="14222124089"/>
  <nd ref="14222124090"/>
  <nd ref="14222124083"/>
  <tag k="building" v="yes"/>
  <tag k="leisure" v="fitness_centre"/>
  <tag k="name" v="Unilus Gym"/>
 </way>
 <way id="1562747668" visible="true" version="1" changeset="189627903" timestamp="2026-09-27T12:32:13Z" user="Mwauluka" uid="24542069">
  <nd ref="14222124091"/>
  <nd ref="14222124092"/>
  <nd ref="14222124093"/>
  <nd ref="14222124094"/>
  <nd ref="14222124095"/>
  <nd ref="14222124096"/>
  <nd ref="14222124097"/>
  <nd ref="14222124098"/>
  <nd ref="14222124099"/>
  <nd ref="14222124100"/>
  <nd ref="14222243201"/>
  <nd ref="14222243202"/>
  <nd ref="14222243203"/>
  <nd ref="14222243204"/>
  <nd ref="14222124091"/>
  <tag k="building" v="yes"/>
 </way>
 <way id="1562747669" visible="true" version="1" changeset="189627903" timestamp="2026-09-27T12:32:13Z" user="Mwauluka" uid="24542069">
  <nd ref="14222243207"/>
  <nd ref="14222243208"/>
  <nd ref="14222243209"/>
  <nd ref="14222243210"/>
  <nd ref="14222243211"/>
  <nd ref="14222243212"/>
  <nd ref="14222243213"/>
  <nd ref="14222243214"/>
  <nd ref="14222243215"/>
  <nd ref="14222243216"/>
  <nd ref="14222243207"/>
  <tag k="building" v="university"/>
  <tag k="name" v="Basic Science Labs"/>
 </way>
 <relation id="2223122" visible="true" version="286" changeset="188165560" timestamp="2026-08-28T19:15:54Z" user="Jorisborissiroj" uid="24482537">
  <member type="way" ref="685236612" role=""/>
  <member type="way" ref="685236615" role=""/>
  <member type="way" ref="685241030" role=""/>
  <member type="way" ref="685241029" role=""/>
  <member type="way" ref="685241028" role=""/>
  <member type="way" ref="685241031" role=""/>
  <member type="way" ref="191253597" role=""/>
  <member type="way" ref="191556683" role=""/>
  <member type="way" ref="198679224" role=""/>
  <member type="way" ref="288801307" role=""/>
  <member type="way" ref="1058184150" role=""/>
  <member type="way" ref="1058184151" role=""/>
  <member type="way" ref="288801305" role=""/>
  <member type="way" ref="191555109" role=""/>
  <member type="way" ref="1058184144" role=""/>
  <member type="way" ref="288802479" role=""/>
  <member type="way" ref="79585835" role=""/>
  <member type="way" ref="332720827" role=""/>
  <member type="way" ref="166752235" role=""/>
  <member type="way" ref="1124993328" role=""/>
  <member type="way" ref="1124993327" role=""/>
  <member type="way" ref="124099483" role=""/>
  <member type="way" ref="638976971" role=""/>
  <member type="way" ref="638976972" role=""/>
  <member type="way" ref="638976969" role=""/>
  <member type="way" ref="638976970" role=""/>
  <member type="way" ref="627224189" role=""/>
  <member type="way" ref="627224188" role=""/>
  <member type="way" ref="1226493641" role=""/>
  <member type="way" ref="315723332" role=""/>
  <member type="way" ref="315723163" role=""/>
  <member type="way" ref="315723333" role=""/>
  <member type="way" ref="315720214" role=""/>
  <member type="way" ref="315723829" role=""/>
  <member type="way" ref="315723701" role=""/>
  <member type="way" ref="315723831" role=""/>
  <member type="way" ref="315723681" role=""/>
  <member type="way" ref="205669454" role=""/>
  <member type="way" ref="205669456" role=""/>
  <member type="way" ref="204884619" role=""/>
  <member type="way" ref="205669439" role=""/>
  <member type="way" ref="1351188267" role=""/>
  <member type="way" ref="1351188268" role=""/>
  <member type="way" ref="205669438" role=""/>
  <member type="way" ref="627966601" role=""/>
  <member type="way" ref="1226493640" role=""/>
  <member type="way" ref="645161171" role=""/>
  <member type="way" ref="645161170" role=""/>
  <member type="way" ref="627966600" role=""/>
  <member type="way" ref="646202218" role=""/>
  <member type="way" ref="646202219" role=""/>
  <member type="way" ref="638988762" role=""/>
  <member type="way" ref="638988764" role=""/>
  <member type="way" ref="638988757" role=""/>
  <member type="way" ref="638988759" role=""/>
  <member type="way" ref="203339235" role=""/>
  <member type="way" ref="203339274" role=""/>
  <member type="way" ref="206369633" role=""/>
  <member type="way" ref="206369634" role=""/>
  <member type="way" ref="204764827" role=""/>
  <member type="way" ref="446890907" role=""/>
  <member type="way" ref="638988754" role=""/>
  <member type="way" ref="638988752" role=""/>
  <member type="way" ref="323173604" role=""/>
  <member type="way" ref="650175400" role=""/>
  <member type="way" ref="650175401" role=""/>
  <member type="way" ref="638988748" role=""/>
  <member type="way" ref="638988749" role=""/>
  <member type="way" ref="94564700" role=""/>
  <member type="way" ref="1226493639" role=""/>
  <member type="way" ref="650420143" role=""/>
  <member type="way" ref="650420142" role=""/>
  <member type="way" ref="203339273" role=""/>
  <member type="way" ref="646260358" role=""/>
  <member type="way" ref="646260359" role=""/>
  <member type="way" ref="1226493638" role=""/>
  <member type="way" ref="203339208" role=""/>
  <member type="way" ref="203339242" role=""/>
  <member type="way" ref="646274077" role=""/>
  <member type="way" ref="646274078" role=""/>
  <member type="way" ref="1226444556" role=""/>
  <member type="way" ref="220185985" role=""/>
  <member type="way" ref="1315150337" role=""/>
  <member type="way" ref="220185977" role=""/>
  <member type="way" ref="203339205" role=""/>
  <member type="way" ref="203339251" role=""/>
  <member type="way" ref="646274076" role=""/>
  <member type="way" ref="203082836" role=""/>
  <member type="way" ref="646274073" role=""/>
  <member type="way" ref="74607496" role=""/>
  <member type="way" ref="203104303" role=""/>
  <member type="way" ref="203104346" role=""/>
  <member type="way" ref="321310016" role=""/>
  <member type="way" ref="646278388" role=""/>
  <member type="way" ref="646278385" role=""/>
  <member type="way" ref="321310017" role=""/>
  <member type="way" ref="646634228" role=""/>
  <member type="way" ref="646634229" role=""/>
  <member type="way" ref="646639402" role=""/>
  <member type="way" ref="646639405" role=""/>
  <member type="way" ref="409613311" role=""/>
  <member type="way" ref="207779234" role=""/>
  <member type="way" ref="642066403" role=""/>
  <member type="way" ref="642066400" role=""/>
  <member type="way" ref="207779301" role=""/>
  <member type="way" ref="207779267" role=""/>
  <member type="way" ref="207779273" role=""/>
  <member type="way" ref="324865573" role=""/>
  <member type="way" ref="324865572" role=""/>
  <member type="way" ref="52599475" role=""/>
  <member type="way" ref="52600133" role=""/>
  <member type="way" ref="192260978" role=""/>
  <member type="way" ref="192260985" role=""/>
  <member type="way" ref="192261010" role=""/>
  <member type="way" ref="192260989" role=""/>
  <member type="way" ref="305449765" role=""/>
  <member type="way" ref="192260983" role=""/>
  <member type="way" ref="642087309" role=""/>
  <member type="way" ref="642087308" role=""/>
  <member type="way" ref="192261012" role=""/>
  <member type="way" ref="192260990" role=""/>
  <member type="way" ref="305449761" role=""/>
  <member type="way" ref="192267476" role=""/>
  <member type="way" ref="305449763" role=""/>
  <member type="way" ref="192267483" role=""/>
  <member type="way" ref="305449775" role=""/>
  <member type="way" ref="617582189" role=""/>
  <member type="way" ref="617582188" role=""/>
  <member type="way" ref="192267489" role=""/>
  <member type="way" ref="475147071" role=""/>
  <member type="way" ref="52598359" role=""/>
  <member type="way" ref="1445094814" role=""/>
  <member type="way" ref="642946456" role=""/>
  <member type="way" ref="642946455" role=""/>
  <member type="way" ref="644241684" role=""/>
  <member type="way" ref="644241681" role=""/>
  <member type="way" ref="644241680" role=""/>
  <member type="way" ref="644241676" role=""/>
  <member type="way" ref="644241675" role=""/>
  <member type="way" ref="1445094812" role=""/>
  <member type="way" ref="1445094813" role=""/>
  <member type="way" ref="169711562" role=""/>
  <member type="way" ref="475179304" role=""/>
  <member type="way" ref="1445094809" role=""/>
  <member type="way" ref="475179303" role=""/>
  <member type="way" ref="1447359398" role=""/>
  <member type="way" ref="1447359399" role=""/>
  <member type="way" ref="234585761" role=""/>
  <member type="way" ref="234585762" role=""/>
  <member type="way" ref="252699687" role=""/>
  <member type="way" ref="169711569" role=""/>
  <member type="way" ref="649073331" role=""/>
  <member type="way" ref="649073327" role=""/>
  <member type="way" ref="550142289" role=""/>
  <member type="way" ref="649331445" role=""/>
  <member type="way" ref="207919790" role=""/>
  <member type="way" ref="1447124596" role=""/>
  <member type="way" ref="207919792" role=""/>
  <member type="way" ref="207919804" role=""/>
  <member type="way" ref="207919793" role=""/>
  <member type="way" ref="253650636" role=""/>
  <member type="way" ref="253650639" role=""/>
  <member type="way" ref="253650638" role=""/>
  <member type="way" ref="253650633" role=""/>
  <member type="way" ref="253650637" role=""/>
  <member type="way" ref="253650634" role=""/>
  <member type="way" ref="1225940549" role=""/>
  <member type="way" ref="883918229" role=""/>
  <member type="way" ref="1521268598" role=""/>
  <member type="way" ref="1521268595" role=""/>
  <member type="way" ref="1521268597" role=""/>
  <member type="way" ref="1521268596" role=""/>
  <member type="way" ref="1521268599" role=""/>
  <member type="way" ref="1521268594" role=""/>
  <member type="way" ref="852209271" role=""/>
  <member type="way" ref="630828252" role=""/>
  <member type="way" ref="630828253" role=""/>
  <member type="way" ref="202962460" role=""/>
  <member type="way" ref="202962448" role=""/>
  <member type="way" ref="202962464" role=""/>
  <member type="way" ref="477049887" role=""/>
  <member type="way" ref="475179347" role=""/>
  <member type="way" ref="202962473" role=""/>
  <member type="way" ref="852209272" role=""/>
  <member type="way" ref="202962466" role=""/>
  <member type="way" ref="202962447" role=""/>
  <member type="way" ref="475148205" role=""/>
  <member type="way" ref="322376397" role=""/>
  <member type="way" ref="202962452" role=""/>
  <member type="way" ref="208483027" role=""/>
  <member type="way" ref="208483021" role=""/>
  <member type="way" ref="52596083" role=""/>
  <member type="way" ref="208483025" role=""/>
  <member type="way" ref="208483017" role=""/>
  <member type="way" ref="208483026" role=""/>
  <member type="way" ref="208483020" role=""/>
  <member type="way" ref="208483011" role=""/>
  <member type="way" ref="208483013" role=""/>
  <member type="way" ref="323394553" role=""/>
  <member type="way" ref="323394555" role=""/>
  <member type="way" ref="52698566" role=""/>
  <member type="way" ref="413118845" role=""/>
  <member type="way" ref="413118843" role=""/>
  <member type="way" ref="413118838" role=""/>
  <member type="way" ref="413118846" role=""/>
  <member type="way" ref="413118847" role=""/>
  <member type="way" ref="413118844" role=""/>
  <member type="way" ref="413118840" role=""/>
  <member type="way" ref="206396708" role=""/>
  <member type="way" ref="206396711" role=""/>
  <member type="way" ref="206396714" role=""/>
  <member type="way" ref="206396709" role=""/>
  <member type="way" ref="206396713" role=""/>
  <member type="way" ref="1246864584" role=""/>
  <member type="way" ref="1246864585" role=""/>
  <member type="way" ref="206396710" role=""/>
  <member type="way" ref="52698560" role=""/>
  <member type="way" ref="1255994171" role=""/>
  <member type="way" ref="677593240" role=""/>
  <member type="way" ref="194684220" role=""/>
  <member type="way" ref="642397527" role=""/>
  <member type="way" ref="643247147" role=""/>
  <member type="way" ref="643247146" role=""/>
  <member type="way" ref="1160009236" role=""/>
  <member type="way" ref="1160009237" role=""/>
  <member type="way" ref="1160011599" role=""/>
  <member type="way" ref="1160011600" role=""/>
  <member type="way" ref="305449770" role=""/>
  <member type="way" ref="1181466299" role=""/>
  <member type="way" ref="1181466298" role=""/>
  <member type="way" ref="231505484" role=""/>
  <member type="way" ref="231505485" role=""/>
  <member type="way" ref="231505483" role=""/>
  <member type="way" ref="52698474" role=""/>
  <member type="way" ref="1160562900" role=""/>
  <member type="way" ref="1160562899" role=""/>
  <member type="way" ref="1026113511" role=""/>
  <member type="way" ref="281273656" role=""/>
  <member type="way" ref="684513343" role=""/>
  <member type="way" ref="684513342" role=""/>
  <member type="way" ref="684513341" role=""/>
  <member type="way" ref="684513340" role=""/>
  <member type="way" ref="808098412" role=""/>
  <member type="way" ref="815444755" role=""/>
  <member type="way" ref="815444754" role=""/>
  <member type="way" ref="808098411" role=""/>
  <member type="way" ref="1026115118" role=""/>
  <member type="way" ref="1026115117" role=""/>
  <member type="way" ref="829388215" role=""/>
  <member type="way" ref="829388214" role=""/>
  <member type="way" ref="1026113510" role=""/>
  <member type="way" ref="281416541" role=""/>
  <member type="way" ref="841403911" role=""/>
  <member type="way" ref="841403912" role=""/>
  <member type="way" ref="281420179" role=""/>
  <member type="way" ref="852792119" role=""/>
  <member type="way" ref="852792120" role=""/>
  <member type="way" ref="281420176" role=""/>
  <member type="way" ref="690373833" role=""/>
  <member type="way" ref="690373832" role=""/>
  <member type="way" ref="860297791" role=""/>
  <member type="way" ref="860297790" role=""/>
  <member type="way" ref="52698381" role=""/>
  <member type="way" ref="860024404" role=""/>
  <member type="way" ref="860024403" role=""/>
  <member type="way" ref="52698356" role=""/>
  <member type="way" ref="681865860" role=""/>
  <member type="way" ref="878648836" role=""/>
  <member type="way" ref="878648835" role=""/>
  <member type="way" ref="681865859" role=""/>
  <member type="way" ref="44146102" role=""/>
  <member type="way" ref="315309143" role=""/>
  <member type="way" ref="681845758" role=""/>
  <member type="way" ref="681845757" role=""/>
  <member type="way" ref="315309142" role=""/>
  <member type="way" ref="315310022" role=""/>
  <member type="way" ref="315310024" role=""/>
  <member type="way" ref="166752221" role=""/>
  <member type="way" ref="166752220" role=""/>
  <member type="way" ref="28138384" role=""/>
  <member type="way" ref="684546444" role=""/>
  <member type="way" ref="42700512" role=""/>
  <member type="way" ref="593243079" role=""/>
  <member type="way" ref="593243078" role=""/>
  <member type="way" ref="314812999" role=""/>
  <member type="way" ref="998684440" role=""/>
  <member type="way" ref="44123389" role=""/>
  <member type="way" ref="998684442" role=""/>
  <member type="way" ref="998684441" role=""/>
  <member type="way" ref="314707044" role=""/>
  <member type="way" ref="314812998" role=""/>
  <member type="way" ref="44123357" role=""/>
  <member type="way" ref="314542281" role=""/>
  <member type="way" ref="44165595" role=""/>
  <member type="way" ref="686057368" role=""/>
  <member type="way" ref="686057366" role=""/>
  <member type="way" ref="314542283" role=""/>
  <member type="way" ref="282000236" role=""/>
  <member type="way" ref="282000235" role=""/>
  <member type="way" ref="685767346" role=""/>
  <member type="way" ref="685767345" role=""/>
  <member type="way" ref="315264912" role=""/>
  <member type="way" ref="315264914" role=""/>
  <member type="way" ref="34047883" role=""/>
  <member type="way" ref="315605243" role=""/>
  <member type="way" ref="34047881" role=""/>
  <member type="way" ref="685345943" role=""/>
  <member type="way" ref="685345944" role=""/>
  <member type="way" ref="681665046" role=""/>
  <member type="way" ref="681665045" role=""/>
  <member type="way" ref="681687591" role=""/>
  <member type="way" ref="998400714" role=""/>
  <member type="way" ref="998400713" role=""/>
  <member type="way" ref="681687593" role=""/>
  <member type="way" ref="78292083" role=""/>
  <member type="way" ref="963398808" role=""/>
  <member type="way" ref="963398810" role=""/>
  <member type="way" ref="963398811" role=""/>
  <member type="way" ref="689557591" role=""/>
  <member type="way" ref="998319658" role=""/>
  <member type="way" ref="998319657" role=""/>
  <member type="way" ref="30724562" role=""/>
  <member type="way" ref="998318453" role=""/>
  <member type="way" ref="998318454" role=""/>
  <member type="way" ref="689557589" role=""/>
  <member type="way" ref="998150026" role=""/>
  <member type="way" ref="998150298" role=""/>
  <member type="way" ref="998150299" role=""/>
  <member type="way" ref="998150025" role=""/>
  <member type="way" ref="689557590" role=""/>
  <member type="way" ref="998143803" role=""/>
  <member type="way" ref="998143804" role=""/>
  <member type="way" ref="998141682" role=""/>
  <member type="way" ref="998141683" role=""/>
  <member type="way" ref="501379329" role=""/>
  <member type="way" ref="606508313" role=""/>
  <member type="way" ref="1063811618" role=""/>
  <member type="way" ref="1090951443" role=""/>
  <member type="way" ref="1133522980" role=""/>
  <member type="way" ref="1133522981" role=""/>
  <member type="way" ref="1013155173" role=""/>
  <member type="way" ref="1483867911" role=""/>
  <member type="way" ref="1483867912" role=""/>
  <member type="way" ref="34047264" role=""/>
  <member type="way" ref="928209001" role=""/>
  <member type="way" ref="928209002" role=""/>
  <member type="way" ref="293027494" role=""/>
  <member type="way" ref="682366173" role=""/>
  <member type="way" ref="402925651" role=""/>
  <member type="way" ref="766681891" role=""/>
  <member type="way" ref="766681892" role=""/>
  <member type="way" ref="672303385" role=""/>
  <member type="way" ref="1084719943" role=""/>
  <member type="way" ref="673192060" role=""/>
  <member type="way" ref="672303388" role=""/>
  <member type="way" ref="671825034" role=""/>
  <member type="way" ref="671825037" role=""/>
  <member type="way" ref="671825036" role=""/>
  <member type="way" ref="402766931" role=""/>
  <member type="way" ref="405672325" role=""/>
  <member type="way" ref="477049883" role=""/>
  <member type="way" ref="674364851" role=""/>
  <member type="way" ref="674364850" role=""/>
  <member type="way" ref="671544834" role=""/>
  <member type="way" ref="437314375" role=""/>
  <member type="way" ref="437314372" role=""/>
  <member type="way" ref="405672328" role=""/>
  <member type="way" ref="766681866" role=""/>
  <member type="way" ref="702221270" role=""/>
  <member type="way" ref="702218852" role=""/>
  <member type="way" ref="702218853" role=""/>
  <member type="way" ref="405672340" role=""/>
  <member type="way" ref="32319174" role=""/>
  <member type="way" ref="28675331" role=""/>
  <member type="way" ref="403033850" role=""/>
  <member type="way" ref="403033853" role=""/>
  <member type="way" ref="494996954" role=""/>
  <member type="way" ref="401736312" role=""/>
  <member type="way" ref="494997411" role=""/>
  <member type="way" ref="494997412" role=""/>
  <member type="way" ref="494998404" role=""/>
  <member type="way" ref="494998403" role=""/>
  <member type="way" ref="1083331402" role=""/>
  <member type="way" ref="494998690" role=""/>
  <member type="way" ref="495014373" role=""/>
  <member type="way" ref="495014393" role=""/>
  <member type="way" ref="1083331401" role=""/>
  <member type="way" ref="495014379" role=""/>
  <member type="way" ref="495014391" role=""/>
  <member type="way" ref="617583852" role=""/>
  <member type="way" ref="617583839" role=""/>
  <member type="way" ref="617583843" role=""/>
  <member type="way" ref="617583847" role=""/>
  <member type="way" ref="617583834" role=""/>
  <member type="way" ref="495015150" role=""/>
  <member type="way" ref="1271757316" role=""/>
  <member type="way" ref="1271757315" role=""/>
  <member type="way" ref="495016696" role=""/>
  <member type="way" ref="495016695" role=""/>
  <member type="way" ref="1271757314" role=""/>
  <member type="way" ref="1271757313" role=""/>
  <member type="way" ref="403055620" role=""/>
  <member type="way" ref="686598738" role=""/>
  <member type="way" ref="402628499" role=""/>
  <member type="way" ref="766681894" role=""/>
  <member type="way" ref="493457963" role=""/>
  <member type="way" ref="1053549315" role=""/>
  <member type="way" ref="897408051" role=""/>
  <member type="way" ref="402266062" role=""/>
  <member type="way" ref="402267891" role=""/>
  <member type="way" ref="1084679076" role=""/>
  <member type="way" ref="1074884102" role=""/>
  <member type="way" ref="618334371" role=""/>
  <member type="way" ref="466682835" role=""/>
  <member type="way" ref="766681885" role=""/>
  <member type="way" ref="766681884" role=""/>
  <member type="way" ref="708938501" role=""/>
  <member type="way" ref="951189349" role=""/>
  <member type="way" ref="1067076297" role=""/>
  <member type="way" ref="1074906365" role=""/>
  <member type="way" ref="94559966" role=""/>
  <member type="way" ref="1074906364" role=""/>
  <member type="way" ref="402628497" role=""/>
  <member type="way" ref="766681890" role=""/>
  <member type="way" ref="766681889" role=""/>
  <member type="way" ref="766681888" role=""/>
  <member type="way" ref="766681869" role=""/>
  <member type="way" ref="94559956" role=""/>
  <member type="way" ref="1084677417" role=""/>
  <member type="way" ref="402631940" role=""/>
  <member type="way" ref="1074910958" role=""/>
  <member type="way" ref="617638432" role=""/>
  <member type="way" ref="617643678" role=""/>
  <member type="way" ref="1074910957" role=""/>
  <member type="way" ref="617643677" role=""/>
  <member type="way" ref="402871055" role=""/>
  <member type="way" ref="56191493" role=""/>
  <member type="way" ref="152165976" role=""/>
  <member type="way" ref="617643674" role=""/>
  <member type="way" ref="617643673" role=""/>
  <member type="way" ref="617643672" role=""/>
  <member type="way" ref="28612807" role=""/>
  <member type="way" ref="1085905952" role=""/>
  <member type="way" ref="992243721" role=""/>
  <member type="way" ref="992243723" role=""/>
  <member type="way" ref="288642410" role=""/>
  <member type="way" ref="288642405" role=""/>
  <member type="way" ref="557098741" role=""/>
  <member type="way" ref="557098740" role=""/>
  <member type="way" ref="56067772" role=""/>
  <member type="way" ref="28612809" role=""/>
  <member type="way" ref="56067773" role=""/>
  <member type="way" ref="31299690" role=""/>
  <member type="way" ref="31299691" role=""/>
  <member type="way" ref="1020783051" role=""/>
  <member type="way" ref="31299692" role=""/>
  <member type="way" ref="252109311" role=""/>
  <member type="way" ref="252109310" role=""/>
  <member type="way" ref="1172326209" role=""/>
  <member type="way" ref="612069455" role=""/>
  <member type="way" ref="31299687" role=""/>
  <member type="way" ref="1172326545" role=""/>
  <member type="way" ref="1172326544" role=""/>
  <member type="way" ref="1172326210" role=""/>
  <member type="way" ref="31299677" role=""/>
  <member type="way" ref="1305762411" role=""/>
  <member type="way" ref="1305762412" role=""/>
  <member type="way" ref="659649473" role=""/>
  <member type="way" ref="682727856" role=""/>
  <member type="way" ref="682727855" role=""/>
  <member type="way" ref="31299685" role=""/>
  <member type="way" ref="659744338" role=""/>
  <member type="way" ref="659744339" role=""/>
  <member type="way" ref="659757449" role=""/>
  <member type="way" ref="1020598899" role=""/>
  <member type="way" ref="1020598900" role=""/>
  <member type="way" ref="659757450" role=""/>
  <member type="way" ref="1020598902" role=""/>
  <member type="way" ref="1062009612" role=""/>
  <member type="way" ref="1062009613" role=""/>
  <member type="way" ref="1020598901" role=""/>
  <member type="way" ref="1020585176" role=""/>
  <member type="way" ref="610012466" role=""/>
  <member type="way" ref="610012469" role=""/>
  <member type="way" ref="610012468" role=""/>
  <member type="way" ref="659763863" role=""/>
  <member type="way" ref="659763864" role=""/>
  <member type="way" ref="1020463696" role=""/>
  <member type="way" ref="1020463693" role=""/>
  <member type="way" ref="1020463694" role=""/>
  <member type="way" ref="1020463695" role=""/>
  <member type="way" ref="1020462108" role=""/>
  <member type="way" ref="28612811" role=""/>
  <member type="way" ref="166752206" role=""/>
  <member type="way" ref="659350839" role=""/>
  <member type="way" ref="659350840" role=""/>
  <member type="way" ref="659350837" role=""/>
  <member type="way" ref="659350841" role=""/>
  <member type="way" ref="30090262" role=""/>
  <member type="way" ref="659872951" role=""/>
  <member type="way" ref="659872952" role=""/>
  <member type="way" ref="659935701" role=""/>
  <member type="way" ref="1020019081" role=""/>
  <member type="way" ref="1090953449" role=""/>
  <member type="way" ref="1090953450" role=""/>
  <member type="way" ref="659935702" role=""/>
  <member type="way" ref="691316600" role=""/>
  <member type="way" ref="1007682370" role=""/>
  <member type="way" ref="1007682371" role=""/>
  <member type="way" ref="691316599" role=""/>
  <member type="way" ref="330214095" role=""/>
  <member type="way" ref="330214093" role=""/>
  <member type="way" ref="330196038" role=""/>
  <member type="way" ref="330196039" role=""/>
  <member type="way" ref="662019078" role=""/>
  <member type="way" ref="662019077" role=""/>
  <member type="way" ref="76560253" role=""/>
  <member type="way" ref="1314098615" role=""/>
  <member type="way" ref="1229605955" role=""/>
  <member type="way" ref="1007650774" role=""/>
  <member type="way" ref="1007650775" role=""/>
  <member type="way" ref="688430772" role=""/>
  <member type="way" ref="688430773" role=""/>
  <member type="way" ref="688430769" role=""/>
  <member type="way" ref="688430770" role=""/>
  <member type="way" ref="673104799" role=""/>
  <member type="way" ref="28129808" role=""/>
  <member type="way" ref="668458021" role=""/>
  <member type="way" ref="668458022" role=""/>
  <member type="way" ref="668458023" role=""/>
  <member type="way" ref="668458024" role=""/>
  <member type="way" ref="668458025" role=""/>
  <member type="way" ref="25149271" role=""/>
  <member type="way" ref="264774227" role=""/>
  <member type="way" ref="665888456" role=""/>
  <member type="way" ref="665888455" role=""/>
  <member type="way" ref="264774223" role=""/>
  <member type="way" ref="665879809" role=""/>
  <member type="way" ref="665879807" role=""/>
  <member type="way" ref="397838895" role=""/>
  <member type="way" ref="654501908" role=""/>
  <member type="way" ref="652320375" role=""/>
  <member type="way" ref="652320376" role=""/>
  <member type="way" ref="472365120" role=""/>
  <member type="way" ref="305861511" role=""/>
  <member type="way" ref="472365127" role=""/>
  <member type="way" ref="305861510" role=""/>
  <member type="way" ref="223883538" role=""/>
  <member type="way" ref="166754687" role=""/>
  <member type="way" ref="223883534" role=""/>
  <member type="way" ref="24341705" role=""/>
  <member type="way" ref="668254387" role=""/>
  <member type="way" ref="668254389" role=""/>
  <member type="way" ref="97124958" role=""/>
  <member type="way" ref="30374036" role=""/>
  <member type="way" ref="30374035" role=""/>
  <member type="way" ref="480464746" role=""/>
  <member type="way" ref="480464745" role=""/>
  <member type="way" ref="44606762" role=""/>
  <member type="way" ref="472365189" role=""/>
  <member type="way" ref="315127213" role=""/>
  <member type="way" ref="472365185" role=""/>
  <member type="way" ref="315127216" role=""/>
  <member type="way" ref="29427470" role=""/>
  <member type="way" ref="29427466" role=""/>
  <member type="way" ref="29428047" role=""/>
  <member type="way" ref="29428046" role=""/>
  <member type="way" ref="655130652" role=""/>
  <member type="way" ref="655130651" role=""/>
  <member type="way" ref="300418218" role=""/>
  <member type="way" ref="30373888" role=""/>
  <member type="way" ref="30373890" role=""/>
  <member type="way" ref="29701922" role=""/>
  <member type="way" ref="30669629" role=""/>
  <member type="way" ref="30669627" role=""/>
  <member type="way" ref="30723251" role=""/>
  <member type="way" ref="686074331" role=""/>
  <member type="way" ref="30723256" role=""/>
  <member type="way" ref="30723185" role=""/>
  <member type="way" ref="30723191" role=""/>
  <member type="way" ref="24417691" role=""/>
  <member type="way" ref="689145918" role=""/>
  <member type="way" ref="300418211" role=""/>
  <member type="way" ref="28524563" role=""/>
  <member type="way" ref="300418207" role=""/>
  <member type="way" ref="300418219" role=""/>
  <member type="way" ref="300418210" role=""/>
  <member type="way" ref="300418212" role=""/>
  <member type="way" ref="300418208" role=""/>
  <member type="way" ref="300410119" role=""/>
  <member type="way" ref="300418217" role=""/>
  <member type="way" ref="300410122" role=""/>
  <member type="way" ref="667705631" role=""/>
  <member type="way" ref="667705633" role=""/>
  <member type="way" ref="24407467" role=""/>
  <member type="way" ref="668249782" role=""/>
  <member type="way" ref="668249780" role=""/>
  <member type="way" ref="300409441" role=""/>
  <member type="way" ref="621382711" role=""/>
  <member type="way" ref="24407362" role=""/>
  <member type="way" ref="31148630" role=""/>
  <member type="way" ref="665908927" role=""/>
  <member type="way" ref="665908924" role=""/>
  <member type="way" ref="665908925" role=""/>
  <member type="way" ref="665908926" role=""/>
  <member type="way" ref="166754679" role=""/>
  <member type="way" ref="1063043713" role=""/>
  <member type="way" ref="1063043712" role=""/>
  <member type="way" ref="24412589" role=""/>
  <member type="way" ref="1550758209" role=""/>
  <member type="way" ref="1550758208" role=""/>
  <member type="way" ref="437156658" role=""/>
  <member type="way" ref="437156659" role=""/>
  <member type="way" ref="334869104" role=""/>
  <member type="way" ref="334869109" role=""/>
  <member type="way" ref="24353658" role=""/>
  <member type="way" ref="334869106" role=""/>
  <member type="way" ref="334869112" role=""/>
  <member type="way" ref="334869107" role=""/>
  <member type="way" ref="334869102" role=""/>
  <member type="way" ref="621388713" role=""/>
  <member type="way" ref="621388712" role=""/>
  <member type="way" ref="430070545" role=""/>
  <member type="way" ref="430070543" role=""/>
  <member type="way" ref="334869108" role=""/>
  <member type="way" ref="431853554" role=""/>
  <member type="way" ref="334869110" role=""/>
  <member type="way" ref="629932528" role=""/>
  <member type="way" ref="1425879750" role=""/>
  <member type="way" ref="1425879760" role=""/>
  <member type="way" ref="1425879754" role=""/>
  <member type="way" ref="76564173" role=""/>
  <member type="way" ref="652389847" role=""/>
  <member type="way" ref="652389840" role=""/>
  <member type="way" ref="76564168" role=""/>
  <member type="way" ref="264460246" role=""/>
  <member type="way" ref="264460245" role=""/>
  <member type="way" ref="665380482" role=""/>
  <member type="way" ref="665380481" role=""/>
  <member type="way" ref="665380480" role=""/>
  <member type="way" ref="665380477" role=""/>
  <member type="way" ref="24353707" role=""/>
  <member type="way" ref="24353668" role=""/>
  <member type="way" ref="305948803" role=""/>
  <member type="way" ref="665556681" role=""/>
  <member type="way" ref="665556682" role=""/>
  <member type="way" ref="665560430" role=""/>
  <member type="way" ref="665560429" role=""/>
  <member type="way" ref="305948801" role=""/>
  <member type="way" ref="253975620" role=""/>
  <member type="way" ref="682921179" role=""/>
  <member type="way" ref="253976825" role=""/>
  <member type="way" ref="253976828" role=""/>
  <member type="way" ref="24354158" role=""/>
  <member type="way" ref="1011335924" role=""/>
  <member type="way" ref="253976830" role=""/>
  <member type="way" ref="1011335925" role=""/>
  <member type="way" ref="615311503" role=""/>
  <member type="way" ref="615870657" role=""/>
  <member type="way" ref="615870661" role=""/>
  <member type="way" ref="30372129" role=""/>
  <member type="way" ref="615872176" role=""/>
  <member type="way" ref="615872178" role=""/>
  <member type="way" ref="615868299" role=""/>
  <member type="way" ref="615868300" role=""/>
  <member type="way" ref="30372130" role=""/>
  <member type="way" ref="332952965" role=""/>
  <member type="way" ref="332952966" role=""/>
  <member type="way" ref="30372132" role=""/>
  <member type="way" ref="30372135" role=""/>
  <member type="way" ref="30372134" role=""/>
  <member type="way" ref="30372133" role=""/>
  <member type="way" ref="615795908" role=""/>
  <member type="way" ref="615795906" role=""/>
  <member type="way" ref="327229603" role=""/>
  <member type="way" ref="327229604" role=""/>
  <member type="way" ref="686190296" role=""/>
  <member type="way" ref="686190295" role=""/>
  <member type="way" ref="686190027" role=""/>
  <member type="way" ref="686190024" role=""/>
  <member type="way" ref="616634828" role=""/>
  <member type="way" ref="616634829" role=""/>
  <member type="way" ref="686190781" role=""/>
  <member type="way" ref="657069969" role=""/>
  <member type="way" ref="690415736" role=""/>
  <member type="way" ref="686190780" role=""/>
  <member type="way" ref="657069968" role=""/>
  <member type="way" ref="686191590" role=""/>
  <member type="way" ref="214268667" role=""/>
  <member type="way" ref="686191666" role=""/>
  <member type="way" ref="30371878" role=""/>
  <member type="way" ref="378367105" role=""/>
  <member type="way" ref="378367106" role=""/>
  <member type="way" ref="378367107" role=""/>
  <member type="way" ref="378367104" role=""/>
  <member type="way" ref="162964556" role=""/>
  <member type="way" ref="616595634" role=""/>
  <member type="way" ref="616595635" role=""/>
  <member type="way" ref="378370089" role=""/>
  <member type="way" ref="378370088" role=""/>
  <member type="way" ref="477049881" role=""/>
  <member type="way" ref="326589402" role=""/>
  <member type="way" ref="326589401" role=""/>
  <member type="way" ref="326589403" role=""/>
  <member type="way" ref="326589408" role=""/>
  <member type="way" ref="326589410" role=""/>
  <member type="way" ref="326589407" role=""/>
  <member type="way" ref="515920753" role=""/>
  <member type="way" ref="616580268" role=""/>
  <member type="way" ref="616580271" role=""/>
  <member type="way" ref="515920754" role=""/>
  <member type="way" ref="616580278" role=""/>
  <member type="way" ref="616580274" role=""/>
  <member type="way" ref="616580276" role=""/>
  <member type="way" ref="616580277" role=""/>
  <member type="way" ref="664510782" role=""/>
  <member type="way" ref="664510781" role=""/>
  <member type="way" ref="664510779" role=""/>
  <member type="way" ref="664510780" role=""/>
  <member type="way" ref="380169291" role=""/>
  <member type="way" ref="380169307" role=""/>
  <member type="way" ref="1083869649" role=""/>
  <member type="way" ref="1083869650" role=""/>
  <member type="way" ref="1083869648" role=""/>
  <member type="way" ref="515920758" role=""/>
  <member type="way" ref="515920755" role=""/>
  <member type="way" ref="616573526" role=""/>
  <member type="way" ref="616573525" role=""/>
  <member type="way" ref="374812076" role=""/>
  <member type="way" ref="385186049" role=""/>
  <member type="way" ref="385186058" role=""/>
  <member type="way" ref="385186046" role=""/>
  <member type="way" ref="385186038" role=""/>
  <member type="way" ref="385186044" role=""/>
  <member type="way" ref="385186057" role=""/>
  <member type="way" ref="385186054" role=""/>
  <member type="way" ref="1085465953" role=""/>
  <member type="way" ref="1085465951" role=""/>
  <member type="way" ref="1085465952" role=""/>
  <member type="way" ref="385186053" role=""/>
  <member type="way" ref="385186051" role=""/>
  <member type="way" ref="385186041" role=""/>
  <member type="way" ref="385186050" role=""/>
  <member type="way" ref="385186036" role=""/>
  <member type="way" ref="380169302" role=""/>
  <member type="way" ref="385186059" role=""/>
  <member type="way" ref="385186043" role=""/>
  <member type="way" ref="385186039" role=""/>
  <member type="way" ref="615925177" role=""/>
  <member type="way" ref="615925178" role=""/>
  <member type="way" ref="385186045" role=""/>
  <member type="way" ref="388354845" role=""/>
  <member type="way" ref="380169335" role=""/>
  <member type="way" ref="388354834" role=""/>
  <member type="way" ref="388354833" role=""/>
  <member type="way" ref="374812074" role=""/>
  <member type="way" ref="374712042" role=""/>
  <member type="way" ref="374712032" role=""/>
  <member type="way" ref="376546703" role=""/>
  <member type="way" ref="388354842" role=""/>
  <member type="way" ref="388354835" role=""/>
  <member type="way" ref="376546689" role=""/>
  <member type="way" ref="388354843" role=""/>
  <member type="way" ref="376546684" role=""/>
  <member type="way" ref="376546692" role=""/>
  <member type="way" ref="388354836" role=""/>
  <member type="way" ref="388354844" role=""/>
  <member type="way" ref="388354840" role=""/>
  <member type="way" ref="388354837" role=""/>
  <member type="way" ref="388354846" role=""/>
  <member type="way" ref="388354841" role=""/>
  <member type="way" ref="388354838" role=""/>
  <member type="way" ref="388354839" role=""/>
  <member type="way" ref="817957999" role=""/>
  <member type="way" ref="376173555" role=""/>
  <member type="way" ref="376173557" role=""/>
  <member type="way" ref="376173571" role=""/>
  <member type="way" ref="376173564" role=""/>
  <member type="way" ref="615886332" role=""/>
  <member type="way" ref="817958000" role=""/>
  <member type="way" ref="1085860416" role=""/>
  <member type="way" ref="1085860417" role=""/>
  <member type="way" ref="1085860418" role=""/>
  <member type="way" ref="817958001" role=""/>
  <member type="way" ref="615886331" role=""/>
  <member type="way" ref="817958008" role=""/>
  <member type="way" ref="817958009" role=""/>
  <member type="way" ref="335344735" role=""/>
  <member type="way" ref="328646618" role=""/>
  <member type="way" ref="1072886615" role=""/>
  <member type="way" ref="335344728" role=""/>
  <member type="way" ref="335344727" role=""/>
  <member type="way" ref="1085416733" role=""/>
  <member type="way" ref="1085416734" role=""/>
  <member type="way" ref="1085416735" role=""/>
  <member type="way" ref="1085416736" role=""/>
  <member type="way" ref="1085416737" role=""/>
  <member type="way" ref="588698458" role=""/>
  <member type="way" ref="588698458" role=""/>
  <member type="way" ref="1058184146" role=""/>
  <member type="way" ref="1483871802" role=""/>
  <member type="way" ref="685685698" role=""/>
  <member type="way" ref="677593237" role=""/>
  <tag k="direction" v="east"/>
  <tag k="int_ref" v="SADC 20"/>
  <tag k="name" v="SADC 20 (eastbound)"/>
  <tag k="network" v="sadc"/>
  <tag k="route" v="road"/>
  <tag k="type" v="route"/>
 </relation>
 <relation id="2223123" visible="true" version="294" changeset="188165560" timestamp="2026-08-28T19:15:54Z" user="Jorisborissiroj" uid="24482537">
  <member type="way" ref="686600515" role=""/>
  <member type="way" ref="94519470" role=""/>
  <member type="way" ref="100667571" role=""/>
  <member type="way" ref="702221269" role=""/>
  <member type="way" ref="702218851" role=""/>
  <member type="way" ref="702221271" role=""/>
  <member type="way" ref="166752211" role=""/>
  <member type="way" ref="702216956" role=""/>
  <member type="way" ref="437314371" role=""/>
  <member type="way" ref="437314373" role=""/>
  <member type="way" ref="437314370" role=""/>
  <member type="way" ref="766681863" role=""/>
  <member type="way" ref="437314374" role=""/>
  <member type="way" ref="674364855" role=""/>
  <member type="way" ref="685236612" role=""/>
  <member type="way" ref="685236615" role=""/>
  <member type="way" ref="685241030" role=""/>
  <member type="way" ref="685241029" role=""/>
  <member type="way" ref="685241028" role=""/>
  <member type="way" ref="685241031" role=""/>
  <member type="way" ref="588698458" role=""/>
  <member type="way" ref="1085416737" role=""/>
  <member type="way" ref="1085416736" role=""/>
  <member type="way" ref="1085416735" role=""/>
  <member type="way" ref="1085416734" role=""/>
  <member type="way" ref="1085416733" role=""/>
  <member type="way" ref="335344727" role=""/>
  <member type="way" ref="335344728" role=""/>
  <member type="way" ref="1072886615" role=""/>
  <member type="way" ref="328646618" role=""/>
  <member type="way" ref="335344735" role=""/>
  <member type="way" ref="817958009" role=""/>
  <member type="way" ref="817958008" role=""/>
  <member type="way" ref="615886331" role=""/>
  <member type="way" ref="817958001" role=""/>
  <member type="way" ref="1085860418" role=""/>
  <member type="way" ref="1085860417" role=""/>
  <member type="way" ref="1085860416" role=""/>
  <member type="way" ref="817958000" role=""/>
  <member type="way" ref="615886332" role=""/>
  <member type="way" ref="376173564" role=""/>
  <member type="way" ref="376173571" role=""/>
  <member type="way" ref="376173557" role=""/>
  <member type="way" ref="376173555" role=""/>
  <member type="way" ref="817957999" role=""/>
  <member type="way" ref="388354839" role=""/>
  <member type="way" ref="388354838" role=""/>
  <member type="way" ref="388354841" role=""/>
  <member type="way" ref="388354846" role=""/>
  <member type="way" ref="388354837" role=""/>
  <member type="way" ref="388354840" role=""/>
  <member type="way" ref="388354844" role=""/>
  <member type="way" ref="388354836" role=""/>
  <member type="way" ref="376546692" role=""/>
  <member type="way" ref="376546684" role=""/>
  <member type="way" ref="388354843" role=""/>
  <member type="way" ref="376546689" role=""/>
  <member type="way" ref="388354835" role=""/>
  <member type="way" ref="388354842" role=""/>
  <member type="way" ref="376546703" role=""/>
  <member type="way" ref="374712032" role=""/>
  <member type="way" ref="374712042" role=""/>
  <member type="way" ref="374812074" role=""/>
  <member type="way" ref="388354833" role=""/>
  <member type="way" ref="388354834" role=""/>
  <member type="way" ref="380169335" role=""/>
  <member type="way" ref="388354845" role=""/>
  <member type="way" ref="385186045" role=""/>
  <member type="way" ref="615925178" role=""/>
  <member type="way" ref="615925177" role=""/>
  <member type="way" ref="385186039" role=""/>
  <member type="way" ref="385186043" role=""/>
  <member type="way" ref="385186059" role=""/>
  <member type="way" ref="380169302" role=""/>
  <member type="way" ref="385186036" role=""/>
  <member type="way" ref="385186050" role=""/>
  <member type="way" ref="385186041" role=""/>
  <member type="way" ref="385186051" role=""/>
  <member type="way" ref="385186053" role=""/>
  <member type="way" ref="1085465952" role=""/>
  <member type="way" ref="1085465951" role=""/>
  <member type="way" ref="1085465953" role=""/>
  <member type="way" ref="385186054" role=""/>
  <member type="way" ref="385186057" role=""/>
  <member type="way" ref="385186044" role=""/>
  <member type="way" ref="385186038" role=""/>
  <member type="way" ref="385186046" role=""/>
  <member type="way" ref="385186058" role=""/>
  <member type="way" ref="385186049" role=""/>
  <member type="way" ref="374812076" role=""/>
  <member type="way" ref="616573525" role=""/>
  <member type="way" ref="616573526" role=""/>
  <member type="way" ref="515920755" role=""/>
  <member type="way" ref="515920758" role=""/>
  <member type="way" ref="1083869648" role=""/>
  <member type="way" ref="1083869650" role=""/>
  <member type="way" ref="1083869649" role=""/>
  <member type="way" ref="380169307" role=""/>
  <member type="way" ref="380169291" role=""/>
  <member type="way" ref="664510780" role=""/>
  <member type="way" ref="664510779" role=""/>
  <member type="way" ref="664510781" role=""/>
  <member type="way" ref="664510782" role=""/>
  <member type="way" ref="616580277" role=""/>
  <member type="way" ref="616580276" role=""/>
  <member type="way" ref="616580274" role=""/>
  <member type="way" ref="616580278" role=""/>
  <member type="way" ref="515920754" role=""/>
  <member type="way" ref="616580271" role=""/>
  <member type="way" ref="616580268" role=""/>
  <member type="way" ref="515920753" role=""/>
  <member type="way" ref="326589407" role=""/>
  <member type="way" ref="326589410" role=""/>
  <member type="way" ref="326589404" role=""/>
  <member type="way" ref="326589403" role=""/>
  <member type="way" ref="326589411" role=""/>
  <member type="way" ref="326589402" role=""/>
  <member type="way" ref="477049882" role=""/>
  <member type="way" ref="378370088" role=""/>
  <member type="way" ref="378370089" role=""/>
  <member type="way" ref="616595635" role=""/>
  <member type="way" ref="616595634" role=""/>
  <member type="way" ref="162964556" role=""/>
  <member type="way" ref="378367104" role=""/>
  <member type="way" ref="378367107" role=""/>
  <member type="way" ref="378367106" role=""/>
  <member type="way" ref="378367105" role=""/>
  <member type="way" ref="686191666" role=""/>
  <member type="way" ref="30371878" role=""/>
  <member type="way" ref="214268667" role=""/>
  <member type="way" ref="686191590" role=""/>
  <member type="way" ref="657069968" role=""/>
  <member type="way" ref="686190781" role=""/>
  <member type="way" ref="657069969" role=""/>
  <member type="way" ref="690415736" role=""/>
  <member type="way" ref="686190780" role=""/>
  <member type="way" ref="616634829" role=""/>
  <member type="way" ref="686190296" role=""/>
  <member type="way" ref="686190295" role=""/>
  <member type="way" ref="686190027" role=""/>
  <member type="way" ref="686190024" role=""/>
  <member type="way" ref="616634828" role=""/>
  <member type="way" ref="327229604" role=""/>
  <member type="way" ref="327229603" role=""/>
  <member type="way" ref="615795905" role=""/>
  <member type="way" ref="677593233" role=""/>
  <member type="way" ref="30372133" role=""/>
  <member type="way" ref="30372134" role=""/>
  <member type="way" ref="30372135" role=""/>
  <member type="way" ref="30372132" role=""/>
  <member type="way" ref="332952966" role=""/>
  <member type="way" ref="332952965" role=""/>
  <member type="way" ref="30372130" role=""/>
  <member type="way" ref="615868300" role=""/>
  <member type="way" ref="615868299" role=""/>
  <member type="way" ref="615872178" role=""/>
  <member type="way" ref="615872176" role=""/>
  <member type="way" ref="30372129" role=""/>
  <member type="way" ref="615870661" role=""/>
  <member type="way" ref="615870657" role=""/>
  <member type="way" ref="615311503" role=""/>
  <member type="way" ref="1011335925" role=""/>
  <member type="way" ref="253976830" role=""/>
  <member type="way" ref="1011335924" role=""/>
  <member type="way" ref="24354158" role=""/>
  <member type="way" ref="253976828" role=""/>
  <member type="way" ref="253976825" role=""/>
  <member type="way" ref="253975620" role=""/>
  <member type="way" ref="682921179" role=""/>
  <member type="way" ref="305948801" role=""/>
  <member type="way" ref="665560429" role=""/>
  <member type="way" ref="665560430" role=""/>
  <member type="way" ref="665556682" role=""/>
  <member type="way" ref="665556681" role=""/>
  <member type="way" ref="305948803" role=""/>
  <member type="way" ref="24353668" role=""/>
  <member type="way" ref="24353707" role=""/>
  <member type="way" ref="665380477" role=""/>
  <member type="way" ref="665380480" role=""/>
  <member type="way" ref="665380481" role=""/>
  <member type="way" ref="665380482" role=""/>
  <member type="way" ref="264460245" role=""/>
  <member type="way" ref="264460246" role=""/>
  <member type="way" ref="76564168" role=""/>
  <member type="way" ref="652389840" role=""/>
  <member type="way" ref="652389847" role=""/>
  <member type="way" ref="76564173" role=""/>
  <member type="way" ref="1425879751" role=""/>
  <member type="way" ref="1425879758" role=""/>
  <member type="way" ref="1425879757" role=""/>
  <member type="way" ref="1425879753" role=""/>
  <member type="way" ref="629932528" role=""/>
  <member type="way" ref="334869110" role=""/>
  <member type="way" ref="431853554" role=""/>
  <member type="way" ref="334869108" role=""/>
  <member type="way" ref="430070543" role=""/>
  <member type="way" ref="430070545" role=""/>
  <member type="way" ref="621388712" role=""/>
  <member type="way" ref="621388713" role=""/>
  <member type="way" ref="334869102" role=""/>
  <member type="way" ref="334869107" role=""/>
  <member type="way" ref="334869112" role=""/>
  <member type="way" ref="334869106" role=""/>
  <member type="way" ref="24353658" role=""/>
  <member type="way" ref="334869109" role=""/>
  <member type="way" ref="334869104" role=""/>
  <member type="way" ref="437156659" role=""/>
  <member type="way" ref="437156658" role=""/>
  <member type="way" ref="24412589" role=""/>
  <member type="way" ref="1550758209" role=""/>
  <member type="way" ref="1550758208" role=""/>
  <member type="way" ref="1063043712" role=""/>
  <member type="way" ref="1063043713" role=""/>
  <member type="way" ref="166754679" role=""/>
  <member type="way" ref="665908926" role=""/>
  <member type="way" ref="665908925" role=""/>
  <member type="way" ref="665908924" role=""/>
  <member type="way" ref="665908927" role=""/>
  <member type="way" ref="31148630" role=""/>
  <member type="way" ref="24407362" role=""/>
  <member type="way" ref="621382711" role=""/>
  <member type="way" ref="300409441" role=""/>
  <member type="way" ref="668249779" role=""/>
  <member type="way" ref="668249781" role=""/>
  <member type="way" ref="24407467" role=""/>
  <member type="way" ref="667705633" role=""/>
  <member type="way" ref="667705631" role=""/>
  <member type="way" ref="300410122" role=""/>
  <member type="way" ref="300418217" role=""/>
  <member type="way" ref="300410119" role=""/>
  <member type="way" ref="300418208" role=""/>
  <member type="way" ref="300418212" role=""/>
  <member type="way" ref="300418210" role=""/>
  <member type="way" ref="300418219" role=""/>
  <member type="way" ref="300418207" role=""/>
  <member type="way" ref="28524563" role=""/>
  <member type="way" ref="689145918" role=""/>
  <member type="way" ref="300418211" role=""/>
  <member type="way" ref="24417691" role=""/>
  <member type="way" ref="30723191" role=""/>
  <member type="way" ref="30723185" role=""/>
  <member type="way" ref="686074331" role=""/>
  <member type="way" ref="30723256" role=""/>
  <member type="way" ref="30723251" role=""/>
  <member type="way" ref="30669627" role=""/>
  <member type="way" ref="30669629" role=""/>
  <member type="way" ref="29701922" role=""/>
  <member type="way" ref="30373890" role=""/>
  <member type="way" ref="30373888" role=""/>
  <member type="way" ref="300418218" role=""/>
  <member type="way" ref="655130651" role=""/>
  <member type="way" ref="655130652" role=""/>
  <member type="way" ref="29428046" role=""/>
  <member type="way" ref="29428047" role=""/>
  <member type="way" ref="29427466" role=""/>
  <member type="way" ref="29427470" role=""/>
  <member type="way" ref="315127216" role=""/>
  <member type="way" ref="472365180" role=""/>
  <member type="way" ref="315127213" role=""/>
  <member type="way" ref="472365193" role=""/>
  <member type="way" ref="44606762" role=""/>
  <member type="way" ref="480464745" role=""/>
  <member type="way" ref="480464747" role=""/>
  <member type="way" ref="30374035" role=""/>
  <member type="way" ref="30374036" role=""/>
  <member type="way" ref="97124958" role=""/>
  <member type="way" ref="668254389" role=""/>
  <member type="way" ref="668254388" role=""/>
  <member type="way" ref="24341705" role=""/>
  <member type="way" ref="223883537" role=""/>
  <member type="way" ref="166754687" role=""/>
  <member type="way" ref="223883532" role=""/>
  <member type="way" ref="305861510" role=""/>
  <member type="way" ref="472365125" role=""/>
  <member type="way" ref="305861511" role=""/>
  <member type="way" ref="472365135" role=""/>
  <member type="way" ref="652320376" role=""/>
  <member type="way" ref="652320374" role=""/>
  <member type="way" ref="654501908" role=""/>
  <member type="way" ref="397838895" role=""/>
  <member type="way" ref="665879807" role=""/>
  <member type="way" ref="665879809" role=""/>
  <member type="way" ref="264774223" role=""/>
  <member type="way" ref="665888455" role=""/>
  <member type="way" ref="665888456" role=""/>
  <member type="way" ref="264774227" role=""/>
  <member type="way" ref="25149271" role=""/>
  <member type="way" ref="668458025" role=""/>
  <member type="way" ref="668458024" role=""/>
  <member type="way" ref="668458023" role=""/>
  <member type="way" ref="668458022" role=""/>
  <member type="way" ref="668458021" role=""/>
  <member type="way" ref="28129808" role=""/>
  <member type="way" ref="673104799" role=""/>
  <member type="way" ref="688430770" role=""/>
  <member type="way" ref="688430769" role=""/>
  <member type="way" ref="688430773" role=""/>
  <member type="way" ref="688430772" role=""/>
  <member type="way" ref="1007650775" role=""/>
  <member type="way" ref="1007650774" role=""/>
  <member type="way" ref="76560253" role=""/>
  <member type="way" ref="1314098615" role=""/>
  <member type="way" ref="1229605955" role=""/>
  <member type="way" ref="662019076" role=""/>
  <member type="way" ref="662019078" role=""/>
  <member type="way" ref="330196039" role=""/>
  <member type="way" ref="330196038" role=""/>
  <member type="way" ref="330214093" role=""/>
  <member type="way" ref="691316600" role=""/>
  <member type="way" ref="1007682370" role=""/>
  <member type="way" ref="1007682371" role=""/>
  <member type="way" ref="691316599" role=""/>
  <member type="way" ref="330214095" role=""/>
  <member type="way" ref="659935702" role=""/>
  <member type="way" ref="1090953450" role=""/>
  <member type="way" ref="1090953449" role=""/>
  <member type="way" ref="1020019081" role=""/>
  <member type="way" ref="659935701" role=""/>
  <member type="way" ref="659872952" role=""/>
  <member type="way" ref="659872951" role=""/>
  <member type="way" ref="30090262" role=""/>
  <member type="way" ref="659350841" role=""/>
  <member type="way" ref="659350836" role=""/>
  <member type="way" ref="659350840" role=""/>
  <member type="way" ref="659350838" role=""/>
  <member type="way" ref="166752206" role=""/>
  <member type="way" ref="28612811" role=""/>
  <member type="way" ref="1020462108" role=""/>
  <member type="way" ref="1020463695" role=""/>
  <member type="way" ref="1020463694" role=""/>
  <member type="way" ref="1020463693" role=""/>
  <member type="way" ref="1020463696" role=""/>
  <member type="way" ref="659763864" role=""/>
  <member type="way" ref="659763863" role=""/>
  <member type="way" ref="610012468" role=""/>
  <member type="way" ref="610012469" role=""/>
  <member type="way" ref="610012466" role=""/>
  <member type="way" ref="1020585176" role=""/>
  <member type="way" ref="1020598901" role=""/>
  <member type="way" ref="1062009613" role=""/>
  <member type="way" ref="1062009612" role=""/>
  <member type="way" ref="1020598902" role=""/>
  <member type="way" ref="659757450" role=""/>
  <member type="way" ref="1020598900" role=""/>
  <member type="way" ref="1020598899" role=""/>
  <member type="way" ref="659757449" role=""/>
  <member type="way" ref="659744339" role=""/>
  <member type="way" ref="659744338" role=""/>
  <member type="way" ref="682727856" role=""/>
  <member type="way" ref="682727855" role=""/>
  <member type="way" ref="31299685" role=""/>
  <member type="way" ref="659649473" role=""/>
  <member type="way" ref="1172326544" role=""/>
  <member type="way" ref="1172326545" role=""/>
  <member type="way" ref="31299687" role=""/>
  <member type="way" ref="612069455" role=""/>
  <member type="way" ref="1172326209" role=""/>
  <member type="way" ref="1172326210" role=""/>
  <member type="way" ref="31299677" role=""/>
  <member type="way" ref="1305762411" role=""/>
  <member type="way" ref="1305762412" role=""/>
  <member type="way" ref="252109310" role=""/>
  <member type="way" ref="252109311" role=""/>
  <member type="way" ref="31299692" role=""/>
  <member type="way" ref="1020783051" role=""/>
  <member type="way" ref="31299691" role=""/>
  <member type="way" ref="31299690" role=""/>
  <member type="way" ref="56067773" role=""/>
  <member type="way" ref="28612809" role=""/>
  <member type="way" ref="56067772" role=""/>
  <member type="way" ref="557098740" role=""/>
  <member type="way" ref="557098741" role=""/>
  <member type="way" ref="288642405" role=""/>
  <member type="way" ref="288642410" role=""/>
  <member type="way" ref="992243723" role=""/>
  <member type="way" ref="992243722" role=""/>
  <member type="way" ref="1085905952" role=""/>
  <member type="way" ref="28612807" role=""/>
  <member type="way" ref="617643672" role=""/>
  <member type="way" ref="617643673" role=""/>
  <member type="way" ref="684511395" role=""/>
  <member type="way" ref="684511394" role=""/>
  <member type="way" ref="617638435" role=""/>
  <member type="way" ref="1078870910" role=""/>
  <member type="way" ref="629176964" role=""/>
  <member type="way" ref="617638434" role=""/>
  <member type="way" ref="766681883" role=""/>
  <member type="way" ref="1078870909" role=""/>
  <member type="way" ref="402628490" role=""/>
  <member type="way" ref="766681882" role=""/>
  <member type="way" ref="402628497" role=""/>
  <member type="way" ref="766681890" role=""/>
  <member type="way" ref="766681889" role=""/>
  <member type="way" ref="766681888" role=""/>
  <member type="way" ref="94559951" role=""/>
  <member type="way" ref="1084678054" role=""/>
  <member type="way" ref="1084679500" role=""/>
  <member type="way" ref="1074902949" role=""/>
  <member type="way" ref="402631937" role=""/>
  <member type="way" ref="53458375" role=""/>
  <member type="way" ref="618334376" role=""/>
  <member type="way" ref="1084679499" role=""/>
  <member type="way" ref="493457962" role=""/>
  <member type="way" ref="617586629" role=""/>
  <member type="way" ref="495017072" role=""/>
  <member type="way" ref="402266069" role=""/>
  <member type="way" ref="897408052" role=""/>
  <member type="way" ref="677593230" role=""/>
  <member type="way" ref="677593231" role=""/>
  <member type="way" ref="686598737" role=""/>
  <member type="way" ref="53457894" role=""/>
  <member type="way" ref="1271757312" role=""/>
  <member type="way" ref="495016693" role=""/>
  <member type="way" ref="1271757311" role=""/>
  <member type="way" ref="495016694" role=""/>
  <member type="way" ref="495015151" role=""/>
  <member type="way" ref="495015152" role=""/>
  <member type="way" ref="617583855" role=""/>
  <member type="way" ref="617583860" role=""/>
  <member type="way" ref="617583865" role=""/>
  <member type="way" ref="495014380" role=""/>
  <member type="way" ref="495014377" role=""/>
  <member type="way" ref="495014383" role=""/>
  <member type="way" ref="495014381" role=""/>
  <member type="way" ref="494998691" role=""/>
  <member type="way" ref="494998401" role=""/>
  <member type="way" ref="494998405" role=""/>
  <member type="way" ref="403058443" role=""/>
  <member type="way" ref="494997410" role=""/>
  <member type="way" ref="494997413" role=""/>
  <member type="way" ref="494996952" role=""/>
  <member type="way" ref="1271757318" role=""/>
  <member type="way" ref="402904659" role=""/>
  <member type="way" ref="686600514" role=""/>
  <member type="way" ref="437314380" role=""/>
  <member type="way" ref="437314378" role=""/>
  <member type="way" ref="166752213" role=""/>
  <member type="way" ref="402766932" role=""/>
  <member type="way" ref="99203047" role=""/>
  <member type="way" ref="671825031" role=""/>
  <member type="way" ref="1082187822" role=""/>
  <member type="way" ref="671825038" role=""/>
  <member type="way" ref="1082187821" role=""/>
  <member type="way" ref="672303386" role=""/>
  <member type="way" ref="672303389" role=""/>
  <member type="way" ref="673074976" role=""/>
  <member type="way" ref="1084719942" role=""/>
  <member type="way" ref="673142660" role=""/>
  <member type="way" ref="766681877" role=""/>
  <member type="way" ref="766681892" role=""/>
  <member type="way" ref="766681891" role=""/>
  <member type="way" ref="402925651" role=""/>
  <member type="way" ref="682366173" role=""/>
  <member type="way" ref="293027494" role=""/>
  <member type="way" ref="928209002" role=""/>
  <member type="way" ref="928209001" role=""/>
  <member type="way" ref="34047264" role=""/>
  <member type="way" ref="1483867912" role=""/>
  <member type="way" ref="1483867911" role=""/>
  <member type="way" ref="1013155173" role=""/>
  <member type="way" ref="1133522981" role=""/>
  <member type="way" ref="1133522980" role=""/>
  <member type="way" ref="1090951443" role=""/>
  <member type="way" ref="1063811618" role=""/>
  <member type="way" ref="606508313" role=""/>
  <member type="way" ref="501379329" role=""/>
  <member type="way" ref="963398808" role=""/>
  <member type="way" ref="963398810" role=""/>
  <member type="way" ref="963398811" role=""/>
  <member type="way" ref="689557591" role=""/>
  <member type="way" ref="998319658" role=""/>
  <member type="way" ref="998319657" role=""/>
  <member type="way" ref="30724562" role=""/>
  <member type="way" ref="998318453" role=""/>
  <member type="way" ref="998318454" role=""/>
  <member type="way" ref="689557589" role=""/>
  <member type="way" ref="998150026" role=""/>
  <member type="way" ref="998150298" role=""/>
  <member type="way" ref="998150299" role=""/>
  <member type="way" ref="998150025" role=""/>
  <member type="way" ref="689557590" role=""/>
  <member type="way" ref="998143803" role=""/>
  <member type="way" ref="998143804" role=""/>
  <member type="way" ref="998141682" role=""/>
  <member type="way" ref="998141683" role=""/>
  <member type="way" ref="78292083" role=""/>
  <member type="way" ref="34047881" role=""/>
  <member type="way" ref="685345943" role=""/>
  <member type="way" ref="685345944" role=""/>
  <member type="way" ref="681665046" role=""/>
  <member type="way" ref="681665045" role=""/>
  <member type="way" ref="681687591" role=""/>
  <member type="way" ref="998400714" role=""/>
  <member type="way" ref="998400713" role=""/>
  <member type="way" ref="681687593" role=""/>
  <member type="way" ref="315605243" role=""/>
  <member type="way" ref="34047883" role=""/>
  <member type="way" ref="315264914" role=""/>
  <member type="way" ref="315264912" role=""/>
  <member type="way" ref="282000235" role=""/>
  <member type="way" ref="685767346" role=""/>
  <member type="way" ref="685767345" role=""/>
  <member type="way" ref="282000236" role=""/>
  <member type="way" ref="314542283" role=""/>
  <member type="way" ref="686057366" role=""/>
  <member type="way" ref="686057368" role=""/>
  <member type="way" ref="44165595" role=""/>
  <member type="way" ref="314542281" role=""/>
  <member type="way" ref="44123357" role=""/>
  <member type="way" ref="314812998" role=""/>
  <member type="way" ref="314707044" role=""/>
  <member type="way" ref="998684441" role=""/>
  <member type="way" ref="998684442" role=""/>
  <member type="way" ref="44123389" role=""/>
  <member type="way" ref="998684440" role=""/>
  <member type="way" ref="314812999" role=""/>
  <member type="way" ref="593243078" role=""/>
  <member type="way" ref="593243079" role=""/>
  <member type="way" ref="42700512" role=""/>
  <member type="way" ref="28138384" role=""/>
  <member type="way" ref="684546444" role=""/>
  <member type="way" ref="166752220" role=""/>
  <member type="way" ref="166752221" role=""/>
  <member type="way" ref="315310024" role=""/>
  <member type="way" ref="315310022" role=""/>
  <member type="way" ref="681845758" role=""/>
  <member type="way" ref="681845757" role=""/>
  <member type="way" ref="315309142" role=""/>
  <member type="way" ref="315309143" role=""/>
  <member type="way" ref="681865860" role=""/>
  <member type="way" ref="878648836" role=""/>
  <member type="way" ref="878648835" role=""/>
  <member type="way" ref="681865859" role=""/>
  <member type="way" ref="44146102" role=""/>
  <member type="way" ref="52698356" role=""/>
  <member type="way" ref="860024403" role=""/>
  <member type="way" ref="860024404" role=""/>
  <member type="way" ref="690373833" role=""/>
  <member type="way" ref="690373832" role=""/>
  <member type="way" ref="860297791" role=""/>
  <member type="way" ref="860297790" role=""/>
  <member type="way" ref="52698381" role=""/>
  <member type="way" ref="281420176" role=""/>
  <member type="way" ref="852792120" role=""/>
  <member type="way" ref="852792119" role=""/>
  <member type="way" ref="281420179" role=""/>
  <member type="way" ref="841403912" role=""/>
  <member type="way" ref="841403911" role=""/>
  <member type="way" ref="281416541" role=""/>
  <member type="way" ref="684513343" role=""/>
  <member type="way" ref="684513342" role=""/>
  <member type="way" ref="684513341" role=""/>
  <member type="way" ref="684513340" role=""/>
  <member type="way" ref="808098412" role=""/>
  <member type="way" ref="815444755" role=""/>
  <member type="way" ref="815444754" role=""/>
  <member type="way" ref="808098411" role=""/>
  <member type="way" ref="1026115118" role=""/>
  <member type="way" ref="1026115117" role=""/>
  <member type="way" ref="829388215" role=""/>
  <member type="way" ref="829388214" role=""/>
  <member type="way" ref="1026113510" role=""/>
  <member type="way" ref="281273656" role=""/>
  <member type="way" ref="1026113511" role=""/>
  <member type="way" ref="1160562899" role=""/>
  <member type="way" ref="1160562900" role=""/>
  <member type="way" ref="52698474" role=""/>
  <member type="way" ref="231505483" role=""/>
  <member type="way" ref="231505485" role=""/>
  <member type="way" ref="231505484" role=""/>
  <member type="way" ref="1160009236" role=""/>
  <member type="way" ref="1160009237" role=""/>
  <member type="way" ref="1160011599" role=""/>
  <member type="way" ref="1160011600" role=""/>
  <member type="way" ref="305449770" role=""/>
  <member type="way" ref="1181466299" role=""/>
  <member type="way" ref="1181466298" role=""/>
  <member type="way" ref="643247146" role=""/>
  <member type="way" ref="643247147" role=""/>
  <member type="way" ref="677593239" role=""/>
  <member type="way" ref="677593238" role=""/>
  <member type="way" ref="194684220" role=""/>
  <member type="way" ref="677593240" role=""/>
  <member type="way" ref="1255994171" role=""/>
  <member type="way" ref="52698560" role=""/>
  <member type="way" ref="206396710" role=""/>
  <member type="way" ref="1246864585" role=""/>
  <member type="way" ref="1246864584" role=""/>
  <member type="way" ref="206396713" role=""/>
  <member type="way" ref="206396709" role=""/>
  <member type="way" ref="206396714" role=""/>
  <member type="way" ref="206396711" role=""/>
  <member type="way" ref="206396708" role=""/>
  <member type="way" ref="208483045" role=""/>
  <member type="way" ref="413118846" role=""/>
  <member type="way" ref="413118838" role=""/>
  <member type="way" ref="413118843" role=""/>
  <member type="way" ref="413118848" role=""/>
  <member type="way" ref="52698566" role=""/>
  <member type="way" ref="323394555" role=""/>
  <member type="way" ref="323394553" role=""/>
  <member type="way" ref="208483013" role=""/>
  <member type="way" ref="208483011" role=""/>
  <member type="way" ref="208483020" role=""/>
  <member type="way" ref="208483026" role=""/>
  <member type="way" ref="208483017" role=""/>
  <member type="way" ref="208483025" role=""/>
  <member type="way" ref="52596083" role=""/>
  <member type="way" ref="208483021" role=""/>
  <member type="way" ref="208483027" role=""/>
  <member type="way" ref="202962452" role=""/>
  <member type="way" ref="322376397" role=""/>
  <member type="way" ref="475148204" role=""/>
  <member type="way" ref="202962447" role=""/>
  <member type="way" ref="202962467" role=""/>
  <member type="way" ref="852209272" role=""/>
  <member type="way" ref="202962473" role=""/>
  <member type="way" ref="475179347" role=""/>
  <member type="way" ref="477049887" role=""/>
  <member type="way" ref="202962461" role=""/>
  <member type="way" ref="202962448" role=""/>
  <member type="way" ref="202962462" role=""/>
  <member type="way" ref="630828253" role=""/>
  <member type="way" ref="630828254" role=""/>
  <member type="way" ref="1521268598" role=""/>
  <member type="way" ref="1521268595" role=""/>
  <member type="way" ref="1521268597" role=""/>
  <member type="way" ref="1521268596" role=""/>
  <member type="way" ref="1521268599" role=""/>
  <member type="way" ref="1521268594" role=""/>
  <member type="way" ref="852209271" role=""/>
  <member type="way" ref="253650634" role=""/>
  <member type="way" ref="1225940549" role=""/>
  <member type="way" ref="883918229" role=""/>
  <member type="way" ref="253650637" role=""/>
  <member type="way" ref="253650633" role=""/>
  <member type="way" ref="253650638" role=""/>
  <member type="way" ref="253650639" role=""/>
  <member type="way" ref="253650636" role=""/>
  <member type="way" ref="207919793" role=""/>
  <member type="way" ref="207919804" role=""/>
  <member type="way" ref="207919792" role=""/>
  <member type="way" ref="1447124596" role=""/>
  <member type="way" ref="207919790" role=""/>
  <member type="way" ref="649331445" role=""/>
  <member type="way" ref="550142289" role=""/>
  <member type="way" ref="649073327" role=""/>
  <member type="way" ref="649073331" role=""/>
  <member type="way" ref="169711569" role=""/>
  <member type="way" ref="252699687" role=""/>
  <member type="way" ref="234585762" role=""/>
  <member type="way" ref="234585761" role=""/>
  <member type="way" ref="1447359399" role=""/>
  <member type="way" ref="1447359398" role=""/>
  <member type="way" ref="475179303" role=""/>
  <member type="way" ref="1445094809" role=""/>
  <member type="way" ref="475179304" role=""/>
  <member type="way" ref="169711562" role=""/>
  <member type="way" ref="1445094813" role=""/>
  <member type="way" ref="1445094812" role=""/>
  <member type="way" ref="644241674" role=""/>
  <member type="way" ref="644241676" role=""/>
  <member type="way" ref="644241679" role=""/>
  <member type="way" ref="644241681" role=""/>
  <member type="way" ref="644241684" role=""/>
  <member type="way" ref="642946455" role=""/>
  <member type="way" ref="642946456" role=""/>
  <member type="way" ref="1445094814" role=""/>
  <member type="way" ref="52598359" role=""/>
  <member type="way" ref="478135315" role=""/>
  <member type="way" ref="475147072" role=""/>
  <member type="way" ref="192267489" role=""/>
  <member type="way" ref="617582188" role=""/>
  <member type="way" ref="617582189" role=""/>
  <member type="way" ref="192267495" role=""/>
  <member type="way" ref="192267483" role=""/>
  <member type="way" ref="305449768" role=""/>
  <member type="way" ref="192267476" role=""/>
  <member type="way" ref="305449777" role=""/>
  <member type="way" ref="192260990" role=""/>
  <member type="way" ref="305449759" role=""/>
  <member type="way" ref="642087308" role=""/>
  <member type="way" ref="642087307" role=""/>
  <member type="way" ref="192260983" role=""/>
  <member type="way" ref="192261015" role=""/>
  <member type="way" ref="192260989" role=""/>
  <member type="way" ref="305449766" role=""/>
  <member type="way" ref="192260985" role=""/>
  <member type="way" ref="192260978" role=""/>
  <member type="way" ref="52600133" role=""/>
  <member type="way" ref="52599475" role=""/>
  <member type="way" ref="324865572" role=""/>
  <member type="way" ref="324865573" role=""/>
  <member type="way" ref="207779273" role=""/>
  <member type="way" ref="207779267" role=""/>
  <member type="way" ref="207779301" role=""/>
  <member type="way" ref="642066395" role=""/>
  <member type="way" ref="642066403" role=""/>
  <member type="way" ref="207779243" role=""/>
  <member type="way" ref="409613311" role=""/>
  <member type="way" ref="646639405" role=""/>
  <member type="way" ref="646639402" role=""/>
  <member type="way" ref="646634229" role=""/>
  <member type="way" ref="646634228" role=""/>
  <member type="way" ref="321310017" role=""/>
  <member type="way" ref="646278385" role=""/>
  <member type="way" ref="646278388" role=""/>
  <member type="way" ref="321310016" role=""/>
  <member type="way" ref="203104346" role=""/>
  <member type="way" ref="203104303" role=""/>
  <member type="way" ref="74607496" role=""/>
  <member type="way" ref="646274074" role=""/>
  <member type="way" ref="203082836" role=""/>
  <member type="way" ref="646274075" role=""/>
  <member type="way" ref="203339251" role=""/>
  <member type="way" ref="203339205" role=""/>
  <member type="way" ref="220185977" role=""/>
  <member type="way" ref="1315150337" role=""/>
  <member type="way" ref="220185985" role=""/>
  <member type="way" ref="1226444556" role=""/>
  <member type="way" ref="646274078" role=""/>
  <member type="way" ref="646274077" role=""/>
  <member type="way" ref="203339242" role=""/>
  <member type="way" ref="203339208" role=""/>
  <member type="way" ref="1226493638" role=""/>
  <member type="way" ref="646260359" role=""/>
  <member type="way" ref="646260358" role=""/>
  <member type="way" ref="203339273" role=""/>
  <member type="way" ref="650420142" role=""/>
  <member type="way" ref="650420143" role=""/>
  <member type="way" ref="1226493639" role=""/>
  <member type="way" ref="94564700" role=""/>
  <member type="way" ref="638988749" role=""/>
  <member type="way" ref="638988748" role=""/>
  <member type="way" ref="650175401" role=""/>
  <member type="way" ref="650175400" role=""/>
  <member type="way" ref="323173604" role=""/>
  <member type="way" ref="638988752" role=""/>
  <member type="way" ref="638988754" role=""/>
  <member type="way" ref="446890908" role=""/>
  <member type="way" ref="323173596" role=""/>
  <member type="way" ref="206369634" role=""/>
  <member type="way" ref="206369633" role=""/>
  <member type="way" ref="203339274" role=""/>
  <member type="way" ref="203339235" role=""/>
  <member type="way" ref="638988759" role=""/>
  <member type="way" ref="638988757" role=""/>
  <member type="way" ref="638988764" role=""/>
  <member type="way" ref="638988762" role=""/>
  <member type="way" ref="646202219" role=""/>
  <member type="way" ref="646202218" role=""/>
  <member type="way" ref="627966600" role=""/>
  <member type="way" ref="645161170" role=""/>
  <member type="way" ref="645161171" role=""/>
  <member type="way" ref="1226493640" role=""/>
  <member type="way" ref="627966601" role=""/>
  <member type="way" ref="205669438" role=""/>
  <member type="way" ref="1351188268" role=""/>
  <member type="way" ref="1351188267" role=""/>
  <member type="way" ref="205669439" role=""/>
  <member type="way" ref="204884619" role=""/>
  <member type="way" ref="205669456" role=""/>
  <member type="way" ref="205669454" role=""/>
  <member type="way" ref="315723681" role=""/>
  <member type="way" ref="315723830" role=""/>
  <member type="way" ref="315723701" role=""/>
  <member type="way" ref="315723828" role=""/>
  <member type="way" ref="315720214" role=""/>
  <member type="way" ref="315723330" role=""/>
  <member type="way" ref="315723163" role=""/>
  <member type="way" ref="315723331" role=""/>
  <member type="way" ref="1226493641" role=""/>
  <member type="way" ref="627224188" role=""/>
  <member type="way" ref="627224189" role=""/>
  <member type="way" ref="638976970" role=""/>
  <member type="way" ref="638976969" role=""/>
  <member type="way" ref="638976972" role=""/>
  <member type="way" ref="638976971" role=""/>
  <member type="way" ref="124099483" role=""/>
  <member type="way" ref="166752235" role=""/>
  <member type="way" ref="1124993328" role=""/>
  <member type="way" ref="1124993327" role=""/>
  <member type="way" ref="332720827" role=""/>
  <member type="way" ref="79585835" role=""/>
  <member type="way" ref="288803366" role=""/>
  <member type="way" ref="1058184143" role=""/>
  <member type="way" ref="191555109" role=""/>
  <member type="way" ref="474331794" role=""/>
  <member type="way" ref="288801307" role=""/>
  <member type="way" ref="288801304" role=""/>
  <member type="way" ref="191556682" role=""/>
  <member type="way" ref="198679218" role=""/>
  <member type="way" ref="1058184146" role=""/>
  <member type="way" ref="1483871802" role=""/>
  <member type="way" ref="685685698" role=""/>
  <member type="way" ref="677593237" role=""/>
  <tag k="direction" v="west"/>
  <tag k="int_ref" v="SADC 20"/>
  <tag k="name" v="SADC 20 (westbound)"/>
  <tag k="network" v="sadc"/>
  <tag k="route" v="road"/>
  <tag k="type" v="route"/>
 </relation>
 <relation id="9406177" visible="true" version="2" changeset="108817377" timestamp="2021-07-29T10:39:07Z" user="Javeed@" uid="13838834">
  <member type="way" ref="968445920" role="station"/>
  <member type="relation" ref="2223122" role=""/>
  <member type="relation" ref="2223123" role=""/>
  <tag k="int_ref" v="SADC 20"/>
  <tag k="name" v="SADC 20"/>
  <tag k="network" v="sadc"/>
  <tag k="route_master" v="road"/>
  <tag k="type" v="route_master"/>
 </relation>
 <relation id="13319424" visible="true" version="1" changeset="112421775" timestamp="2021-10-12T14:52:39Z" user="ftcat" uid="4136766">
  <member type="way" ref="992236502" role="outer"/>
  <member type="way" ref="992236500" role="outer"/>
  <member type="way" ref="992236501" role="outer"/>
  <member type="way" ref="992236498" role="outer"/>
  <tag k="leisure" v="pitch"/>
  <tag k="sport" v="soccer"/>
  <tag k="surface" v="grass"/>
  <tag k="type" v="multipolygon"/>
 </relation>
 <relation id="13319425" visible="true" version="1" changeset="112421775" timestamp="2021-10-12T14:52:39Z" user="ftcat" uid="4136766">
  <member type="way" ref="992236504" role="inner"/>
  <member type="way" ref="992236500" role="inner"/>
  <member type="way" ref="992236499" role="inner"/>
  <member type="way" ref="992236498" role="inner"/>
  <member type="way" ref="992236503" role="outer"/>
  <tag k="leisure" v="track"/>
  <tag k="sport" v="athletics"/>
  <tag k="type" v="multipolygon"/>
 </relation>
 <relation id="19253188" visible="true" version="2" changeset="188868430" timestamp="2026-09-11T11:58:41Z" user="Mwauluka" uid="24542069">
  <member type="way" ref="1395302604" role="outer"/>
  <tag k="amenity" v="fast_food"/>
  <tag k="building" v="yes"/>
  <tag k="fast_food" v="cafeteria"/>
  <tag k="name" v="Cafeteria School of Medicine"/>
  <tag k="opening_hours" v="Mo-Fr 08:00-20:30"/>
  <tag k="type" v="multipolygon"/>
 </relation>
</osm>
